class,Order,optimized_rule
,,"|--- block_of_affere <= 1.50
"
,,"|--- block_of_affere >  1.50
"
,,"|   |--- special_forms <= 2.50
"
,,"|   |--- special_forms >  2.50
"
,,"|   |--- changes_in_node <= 3.50
"
,,"|   |--- changes_in_node >  3.50
"
,,"|   |   |--- changes_in_node <= 3.50
"
,,"|   |   |--- changes_in_node >  3.50
"
,,"|   |   |   |--- class: 3
"
,,"|   |   |--- early_uptake_in <= 1.50
"
,,"|   |   |--- early_uptake_in >  1.50
"
,,"|   |   |--- changes_in_node <= 2.50
"
,,"|   |   |--- changes_in_node >  2.50
"
,,"|   |   |--- no_of_nodes_in <= 1.50
"
,,"|   |   |   |--- class: 2
"
,,"|   |   |--- no_of_nodes_in >  1.50
"
,,"|   |   |   |--- class: 3
"
,,"|   |   |   |--- changes_in_node <= 1.50
"
,,"|   |   |   |--- changes_in_node >  1.50
"
,,"|   |   |   |--- no_of_nodes_in <= 3.00
"
,,"|   |   |   |--- no_of_nodes_in >  3.00
"
,,"|   |   |   |   |--- class: 4
"
,,"|   |   |   |--- exclusion_of_no <= 1.50
"
,,"|   |   |   |--- exclusion_of_no >  1.50
"
,,"|   |   |   |   |--- class: 3
"
,,"|   |   |   |--- no_of_nodes_in <= 1.50
"
,,"|   |   |   |   |--- class: 2
"
,,"|   |   |   |--- no_of_nodes_in >  1.50
"
,,"|   |   |   |--- no_of_nodes_in <= 2.50
"
,,"|   |   |   |   |--- class: 2
"
,,"|   |   |   |--- no_of_nodes_in >  2.50
"
,,"|   |   |   |   |--- exclusion_of_no <= 1.50
"
,,"|   |   |   |   |   |--- class: 1
"
,,"|   |   |   |   |--- exclusion_of_no >  1.50
"
,,"|   |   |   |   |   |--- class: 3
"
,,"|   |   |   |   |--- special_forms <= 1.50
"
,,"|   |   |   |   |--- special_forms >  1.50
"
,,"|   |   |   |   |--- changes_in_stru <= 6.00
"
,,"|   |   |   |   |   |--- class: 2
"
,,"|   |   |   |   |--- changes_in_stru >  6.00
"
,,"|   |   |   |   |   |--- class: 3
"
,,"|   |   |   |   |--- changes_in_stru <= 4.00
"
,,"|   |   |   |   |   |--- class: 3
"
,,"|   |   |   |   |--- changes_in_stru >  4.00
"
,,"|   |   |   |   |--- special_forms <= 2.50
"
,,"|   |   |   |   |--- special_forms >  2.50
"
,,"|   |   |   |   |   |--- class: 3
"
,,"|   |   |   |   |--- special_forms <= 2.50
"
,,"|   |   |   |   |   |--- class: 2
"
,,"|   |   |   |   |--- special_forms >  2.50
"
,,"|   |   |   |   |   |--- changes_in_stru <= 6.50
"
,,"|   |   |   |   |   |--- changes_in_stru >  6.50
"
,,"|   |   |   |   |   |   |--- class: 2
"
,,"|   |   |   |   |   |--- changes_in_stru <= 6.50
"
,,"|   |   |   |   |   |--- changes_in_stru >  6.50
"
,,"|   |   |   |   |   |--- no_of_nodes_in <= 1.50
"
,,"|   |   |   |   |   |   |--- class: 2
"
,,"|   |   |   |   |   |--- no_of_nodes_in >  1.50
"
,,"|   |   |   |   |   |   |--- class: 3
"
,,"|   |   |   |   |   |--- exclusion_of_no <= 1.50
"
,,"|   |   |   |   |   |   |--- class: 2
"
,,"|   |   |   |   |   |--- exclusion_of_no >  1.50
"
,,"|   |   |   |   |   |   |--- class: 4
"
,,"|   |   |   |   |   |--- changes_in_stru <= 5.50
"
,,"|   |   |   |   |   |   |--- class: 2
"
,,"|   |   |   |   |   |--- changes_in_stru >  5.50
"
,,"|   |   |   |   |   |   |--- class: 3
"
,,"|   |   |   |   |   |   |--- early_uptake_in <= 1.50
"
,,"|   |   |   |   |   |   |--- early_uptake_in >  1.50
"
,,"|   |   |   |   |   |   |   |--- class: 2
"
,,"|   |   |   |   |   |   |--- exclusion_of_no <= 1.50
"
,,"|   |   |   |   |   |   |   |--- class: 3
"
,,"|   |   |   |   |   |   |--- exclusion_of_no >  1.50
"
,,"|   |   |   |   |   |   |   |--- class: 2
"
,,"|   |   |   |   |   |   |--- changes_in_node <= 2.50
"
,,"|   |   |   |   |   |   |   |--- class: 3
"
,,"|   |   |   |   |   |   |--- changes_in_node >  2.50
"
,,"|   |   |   |   |   |   |   |--- class: 2
"
,,"|   |   |   |   |   |   |   |--- exclusion_of_no <= 1.50
"
,,"|   |   |   |   |   |   |   |   |--- class: 3
"
,,"|   |   |   |   |   |   |   |--- exclusion_of_no >  1.50
"
,,"|   |   |   |   |   |   |   |   |--- no_of_nodes_in <= 1.50
"
,,"|   |   |   |   |   |   |   |   |   |--- class: 2
"
,,"|   |   |   |   |   |   |   |   |--- no_of_nodes_in >  1.50
"
,,"|   |   |   |   |   |   |   |   |   |--- class: 3
"
