Order,middle-middle-square-o,middle-middle-square-b,middle-middle-square-x,top-left-square-x,top-left-square-o,top-left-square-b,middle-left-square-x,middle-left-square-o,middle-left-square-b,top-right-square-x,top-right-square-o,top-right-square-b,top-middle-square-x,top-middle-square-o,top-middle-square-b,middle-right-square-o,middle-right-square-b,middle-right-square-x,bottom-middle-square-o,bottom-middle-square-x,bottom-middle-square-b,bottom-left-square-x,bottom-left-square-o,bottom-left-square-b,Class
784,0,1,0,0,1,0,0,1,0,0,1,0,1,0,0,0,0,1,0,1,0,0,1,0,negative
719,0,0,1,1,0,0,1,0,0,0,1,0,0,0,1,1,0,0,0,0,1,0,0,1,negative
692,1,0,0,1,0,0,1,0,0,0,1,0,0,1,0,0,0,1,0,1,0,0,1,0,negative
892,0,0,1,0,0,1,1,0,0,0,1,0,1,0,0,1,0,0,1,0,0,1,0,0,negative
418,0,0,1,0,1,0,0,1,0,0,0,1,0,1,0,0,1,0,0,1,0,1,0,0,positive
520,0,0,1,0,0,1,0,1,0,0,0,1,1,0,0,1,0,0,0,1,0,0,1,0,positive
515,0,0,1,0,0,1,0,0,1,0,1,0,1,0,0,0,1,0,0,1,0,0,0,1,positive
387,0,0,1,0,1,0,0,1,0,1,0,0,0,1,0,0,1,0,0,1,0,1,0,0,positive
154,0,0,1,1,0,0,1,0,0,0,1,0,0,1,0,1,0,0,0,0,1,0,0,1,positive
649,0,0,1,1,0,0,0,0,1,0,1,0,1,0,0,0,0,1,1,0,0,0,1,0,negative
53,0,0,1,1,0,0,0,0,1,1,0,0,1,0,0,1,0,0,1,0,0,0,0,1,positive
211,0,0,1,1,0,0,0,1,0,0,0,1,0,1,0,1,0,0,0,1,0,0,0,1,positive
488,0,0,1,0,0,1,0,1,0,1,0,0,1,0,0,1,0,0,0,1,0,0,0,1,positive
685,0,0,1,1,0,0,0,0,1,1,0,0,0,1,0,0,0,1,1,0,0,0,1,0,negative
124,0,0,1,1,0,0,0,1,0,1,0,0,0,1,0,1,0,0,0,1,0,1,0,0,positive
73,0,1,0,1,0,0,0,0,1,1,0,0,1,0,0,1,0,0,0,0,1,0,1,0,positive
159,1,0,0,1,0,0,1,0,0,0,1,0,0,1,0,0,0,1,0,1,0,1,0,0,positive
225,1,0,0,1,0,0,1,0,0,1,0,0,0,0,1,1,0,0,0,0,1,1,0,0,positive
221,0,0,1,1,0,0,0,0,1,0,0,1,0,1,0,0,1,0,0,0,1,0,1,0,positive
2,1,0,0,1,0,0,1,0,0,1,0,0,1,0,0,1,0,0,0,1,0,0,1,0,positive
272,0,0,1,1,0,0,0,0,1,0,1,0,0,0,1,1,0,0,0,0,1,0,0,1,positive
507,0,0,1,0,0,1,0,1,0,0,1,0,1,0,0,0,1,0,0,1,0,0,1,0,positive
504,0,0,1,0,0,1,0,1,0,0,1,0,1,0,0,1,0,0,0,1,0,1,0,0,positive
514,0,0,1,0,0,1,0,0,1,0,1,0,1,0,0,0,1,0,0,1,0,0,1,0,positive
956,1,0,0,0,1,0,1,0,0,0,1,0,1,0,0,0,0,1,1,0,0,1,0,0,negative
927,1,0,0,0,0,1,1,0,0,0,0,1,0,1,0,0,1,0,1,0,0,1,0,0,negative
752,0,0,1,0,1,0,0,1,0,1,0,0,1,0,0,1,0,0,0,0,1,0,1,0,negative
115,0,0,1,1,0,0,1,0,0,1,0,0,0,1,0,1,0,0,1,0,0,0,1,0,positive
931,1,0,0,0,0,1,0,1,0,1,0,0,0,0,1,1,0,0,0,1,0,1,0,0,negative
521,0,0,1,0,0,1,0,1,0,0,0,1,1,0,0,1,0,0,0,1,0,0,0,1,positive
346,0,0,1,0,1,0,1,0,0,0,0,1,1,0,0,0,0,1,1,0,0,0,1,0,positive
319,0,0,1,0,1,0,1,0,0,0,1,0,1,0,0,0,0,1,1,0,0,1,0,0,positive
844,0,0,1,0,1,0,0,0,1,0,1,0,0,1,0,0,1,0,0,1,0,0,0,1,negative
894,1,0,0,0,0,1,1,0,0,0,1,0,1,0,0,0,0,1,0,1,0,0,1,0,negative
914,0,0,1,0,0,1,0,0,1,0,0,1,1,0,0,0,0,1,1,0,0,0,1,0,negative
753,0,0,1,0,1,0,0,1,0,1,0,0,1,0,0,0,1,0,1,0,0,0,1,0,negative
699,1,0,0,1,0,0,1,0,0,0,0,1,0,1,0,0,0,1,1,0,0,0,1,0,negative
616,0,0,1,0,0,1,0,1,0,0,1,0,0,0,1,1,0,0,0,1,0,1,0,0,positive
496,1,0,0,0,0,1,0,0,1,1,0,0,1,0,0,0,0,1,1,0,0,0,1,0,positive
407,0,1,0,0,1,0,0,0,1,1,0,0,0,1,0,0,0,1,0,0,1,0,0,1,positive
356,0,0,1,0,1,0,0,1,0,0,0,1,1,0,0,0,1,0,0,1,0,0,0,1,positive
278,1,0,0,1,0,0,1,0,0,0,0,1,0,0,1,0,0,1,1,0,0,1,0,0,positive
749,0,1,0,0,1,0,1,0,0,1,0,0,1,0,0,0,0,1,1,0,0,0,1,0,negative
881,1,0,0,0,0,1,1,0,0,1,0,0,1,0,0,0,0,1,1,0,0,0,1,0,negative
684,1,0,0,1,0,0,0,1,0,1,0,0,0,1,0,0,1,0,1,0,0,1,0,0,negative
468,0,0,1,0,1,0,0,1,0,0,1,0,0,0,1,0,1,0,0,1,0,1,0,0,positive
619,1,0,0,0,0,1,0,0,1,0,1,0,0,0,1,0,1,0,0,1,0,1,0,0,positive
568,0,0,1,0,0,1,1,0,0,0,1,0,0,1,0,0,0,1,1,0,0,0,0,1,positive
548,0,1,0,0,0,1,0,1,0,1,0,0,0,1,0,0,0,1,0,1,0,0,1,0,positive
417,0,1,0,0,1,0,1,0,0,0,0,1,0,1,0,1,0,0,0,1,0,1,0,0,positive
201,1,0,0,1,0,0,1,0,0,0,0,1,0,1,0,0,1,0,0,0,1,1,0,0,positive
493,0,1,0,0,0,1,0,1,0,1,0,0,1,0,0,0,0,1,1,0,0,0,1,0,positive
422,0,1,0,0,1,0,0,0,1,0,0,1,0,1,0,0,1,0,0,1,0,1,0,0,positive
351,0,0,1,0,1,0,1,0,0,0,0,1,1,0,0,0,1,0,0,1,0,0,1,0,positive
357,1,0,0,0,1,0,0,1,0,0,0,1,1,0,0,0,1,0,0,1,0,1,0,0,positive
813,0,0,1,0,1,0,1,0,0,0,1,0,0,1,0,1,0,0,0,0,1,1,0,0,negative
352,0,0,1,0,1,0,0,1,0,0,0,1,1,0,0,0,0,1,0,1,0,0,0,1,positive
554,0,0,1,0,0,1,0,0,1,1,0,0,0,1,0,1,0,0,1,0,0,1,0,0,positive
383,0,0,1,0,1,0,0,1,0,1,0,0,0,1,0,0,0,1,1,0,0,1,0,0,positive
830,0,1,0,0,1,0,1,0,0,0,1,0,0,1,0,0,1,0,0,1,0,1,0,0,negative
882,0,1,0,0,0,1,1,0,0,1,0,0,1,0,0,0,1,0,1,0,0,0,1,0,negative
797,1,0,0,0,1,0,0,1,0,0,0,1,1,0,0,0,0,1,0,1,0,0,1,0,negative
847,0,1,0,0,1,0,0,0,1,0,1,0,0,1,0,0,0,1,0,1,0,0,0,1,negative
676,1,0,0,1,0,0,1,0,0,1,0,0,0,1,0,1,0,0,1,0,0,0,0,1,negative
23,1,0,0,1,0,0,0,1,0,1,0,0,1,0,0,0,0,1,0,1,0,0,1,0,positive
690,1,0,0,1,0,0,0,0,1,1,0,0,0,1,0,0,1,0,1,0,0,0,0,1,negative
219,0,0,1,1,0,0,0,0,1,0,0,1,0,1,0,1,0,0,0,1,0,0,1,0,positive
655,1,0,0,1,0,0,0,0,1,0,1,0,1,0,0,1,0,0,0,1,0,1,0,0,negative
182,0,0,1,1,0,0,0,0,1,0,1,0,0,1,0,1,0,0,0,1,0,0,0,1,positive
464,0,0,1,0,1,0,1,0,0,0,1,0,0,0,1,0,0,1,1,0,0,0,0,1,positive
200,1,0,0,1,0,0,1,0,0,0,0,1,0,1,0,0,1,0,0,1,0,1,0,0,positive
705,1,0,0,1,0,0,0,0,1,0,0,1,0,1,0,0,1,0,1,0,0,1,0,0,negative
809,0,0,1,0,1,0,0,1,0,1,0,0,0,1,0,0,0,1,0,1,0,0,1,0,negative
642,1,0,0,1,0,0,0,1,0,0,1,0,1,0,0,0,0,1,0,1,0,0,1,0,negative
874,1,0,0,0,1,0,1,0,0,0,0,1,0,0,1,0,1,0,0,1,0,1,0,0,negative
57,1,0,0,1,0,0,0,0,1,1,0,0,1,0,0,1,0,0,1,0,0,1,0,0,positive
580,0,0,1,0,0,1,1,0,0,0,0,1,0,1,0,0,0,1,0,0,1,0,1,0,positive
941,0,0,1,0,0,1,0,0,1,0,1,0,0,0,1,1,0,0,0,1,0,1,0,0,negative
842,0,0,1,0,1,0,0,0,1,0,1,0,0,1,0,0,1,0,0,1,0,1,0,0,negative
503,0,0,1,0,0,1,0,1,0,0,1,0,1,0,0,0,0,1,0,1,0,0,0,1,positive
268,0,1,0,1,0,0,0,1,0,0,1,0,0,0,1,1,0,0,0,1,0,1,0,0,positive
904,0,0,1,0,0,1,0,0,1,0,1,0,1,0,0,1,0,0,0,0,1,1,0,0,negative
332,0,0,1,0,1,0,0,1,0,0,1,0,1,0,0,1,0,0,0,1,0,1,0,0,positive
640,0,1,0,1,0,0,1,0,0,0,1,0,1,0,0,1,0,0,0,0,1,0,0,1,negative
46,0,1,0,1,0,0,0,1,0,1,0,0,1,0,0,0,1,0,0,1,0,0,1,0,positive
571,0,1,0,0,0,1,1,0,0,0,1,0,0,1,0,1,0,0,0,1,0,1,0,0,positive
172,0,0,1,1,0,0,0,1,0,0,1,0,0,1,0,0,0,1,0,1,0,0,1,0,positive
62,1,0,0,1,0,0,0,0,1,1,0,0,1,0,0,1,0,0,1,0,0,0,0,1,positive
61,1,0,0,1,0,0,0,0,1,1,0,0,1,0,0,1,0,0,0,1,0,0,0,1,positive
728,1,0,0,1,0,0,0,1,0,0,1,0,0,0,1,0,0,1,0,1,0,0,1,0,negative
331,0,0,1,0,1,0,0,1,0,0,1,0,1,0,0,0,0,1,0,1,0,0,0,1,positive
687,1,0,0,1,0,0,0,0,1,1,0,0,0,1,0,0,0,1,1,0,0,0,0,1,negative
534,0,1,0,0,0,1,1,0,0,1,0,0,0,1,0,0,0,1,1,0,0,0,1,0,positive
242,0,0,1,1,0,0,1,0,0,0,1,0,0,0,1,0,0,1,1,0,0,0,0,1,positive
850,0,0,1,0,1,0,0,1,0,0,0,1,0,1,0,0,0,1,0,1,0,0,1,0,negative
337,0,0,1,0,1,0,0,0,1,0,1,0,1,0,0,0,0,1,0,1,0,0,1,0,positive
279,1,0,0,1,0,0,1,0,0,0,0,1,0,0,1,1,0,0,0,1,0,1,0,0,positive
592,0,0,1,0,0,1,0,1,0,1,0,0,0,0,1,0,0,1,1,0,0,0,1,0,positive
166,0,1,0,1,0,0,1,0,0,0,1,0,0,1,0,1,0,0,0,1,0,1,0,0,positive
66,1,0,0,1,0,0,0,0,1,1,0,0,1,0,0,0,1,0,1,0,0,0,1,0,positive
311,0,0,1,0,1,0,0,0,1,1,0,0,1,0,0,1,0,0,0,0,1,1,0,0,positive
108,0,0,1,1,0,0,0,1,0,0,0,1,1,0,0,1,0,0,0,1,0,0,0,1,positive
18,0,0,1,1,0,0,0,1,0,1,0,0,1,0,0,1,0,0,0,0,1,0,0,1,positive
302,0,0,1,0,1,0,0,1,0,1,0,0,1,0,0,1,0,0,0,0,1,1,0,0,positive
406,0,1,0,0,1,0,0,0,1,1,0,0,0,1,0,0,0,1,0,1,0,0,1,0,positive
725,1,0,0,1,0,0,1,0,0,0,1,0,0,0,1,0,1,0,0,0,1,0,1,0,negative
758,1,0,0,0,1,0,0,1,0,1,0,0,1,0,0,1,0,0,0,1,0,1,0,0,negative
898,1,0,0,0,0,1,1,0,0,0,1,0,1,0,0,1,0,0,0,1,0,0,1,0,negative
610,0,0,1,0,0,1,1,0,0,0,1,0,0,0,1,0,0,1,0,1,0,0,1,0,positive
837,0,0,1,0,1,0,0,0,1,0,1,0,0,1,0,0,0,1,1,0,0,1,0,0,negative
21,0,0,1,1,0,0,0,1,0,1,0,0,1,0,0,0,1,0,1,0,0,0,0,1,positive
654,1,0,0,1,0,0,0,0,1,0,1,0,1,0,0,0,0,1,0,0,1,0,1,0,negative
570,1,0,0,0,0,1,1,0,0,0,1,0,0,1,0,0,1,0,0,1,0,1,0,0,positive
491,1,0,0,0,0,1,0,1,0,1,0,0,1,0,0,0,0,1,0,0,1,0,1,0,positive
316,1,0,0,0,1,0,0,0,1,1,0,0,1,0,0,0,0,1,0,0,1,0,1,0,positive
145,0,0,1,1,0,0,1,0,0,0,1,0,0,1,0,0,0,1,1,0,0,1,0,0,positive
510,0,1,0,0,0,1,0,1,0,0,1,0,1,0,0,1,0,0,0,1,0,1,0,0,positive
366,0,0,1,0,1,0,1,0,0,1,0,0,0,1,0,0,0,1,1,0,0,1,0,0,positive
474,0,0,1,0,1,0,1,0,0,0,0,1,0,0,1,0,0,1,0,1,0,0,1,0,positive
155,0,0,1,1,0,0,1,0,0,0,1,0,0,1,0,0,1,0,1,0,0,1,0,0,positive
317,1,0,0,0,1,0,0,0,1,1,0,0,1,0,0,0,0,1,1,0,0,0,0,1,positive
663,0,1,0,1,0,0,1,0,0,0,0,1,1,0,0,0,1,0,1,0,0,0,1,0,negative
283,1,0,0,1,0,0,1,0,0,0,0,1,0,0,1,0,1,0,0,0,1,1,0,0,positive
808,1,0,0,0,1,0,1,0,0,1,0,0,0,1,0,0,1,0,1,0,0,1,0,0,negative
935,0,0,1,0,0,1,1,0,0,0,1,0,0,0,1,1,0,0,0,0,1,1,0,0,negative
946,0,0,1,1,0,0,1,0,0,1,0,0,0,1,0,1,0,0,0,1,0,0,1,0,negative
110,0,0,1,1,0,0,0,1,0,0,0,1,1,0,0,0,1,0,0,1,0,0,1,0,positive
312,0,0,1,0,1,0,0,0,1,1,0,0,1,0,0,1,0,0,0,1,0,0,1,0,positive
696,0,0,1,1,0,0,0,0,1,0,1,0,0,1,0,1,0,0,0,1,0,1,0,0,negative
459,0,0,1,0,1,0,1,0,0,0,1,0,0,0,1,0,0,1,1,0,0,1,0,0,positive
958,0,0,1,0,1,0,1,0,0,1,0,0,0,1,0,1,0,0,0,1,0,0,1,0,negative
191,0,0,1,1,0,0,1,0,0,0,0,1,0,1,0,1,0,0,1,0,0,1,0,0,positive
138,0,0,1,1,0,0,0,0,1,1,0,0,0,1,0,1,0,0,0,0,1,1,0,0,positive
256,0,1,0,1,0,0,1,0,0,0,1,0,0,0,1,1,0,0,1,0,0,1,0,0,positive
149,0,0,1,1,0,0,1,0,0,0,1,0,0,1,0,0,0,1,1,0,0,0,0,1,positive
286,0,1,0,1,0,0,1,0,0,0,0,1,0,0,1,0,1,0,1,0,0,1,0,0,positive
462,0,0,1,0,1,0,1,0,0,0,1,0,0,0,1,0,0,1,0,0,1,0,1,0,positive
24,1,0,0,1,0,0,0,1,0,1,0,0,1,0,0,0,0,1,1,0,0,0,1,0,positive
133,1,0,0,1,0,0,0,1,0,1,0,0,0,1,0,0,0,1,0,1,0,0,1,0,positive
296,0,0,1,0,1,0,1,0,0,1,0,0,1,0,0,1,0,0,1,0,0,1,0,0,positive
484,0,1,0,0,1,0,0,0,1,0,0,1,0,0,1,1,0,0,0,1,0,1,0,0,positive
368,0,0,1,0,1,0,1,0,0,1,0,0,0,1,0,0,0,1,1,0,0,0,1,0,positive
742,1,0,0,0,1,0,1,0,0,1,0,0,1,0,0,0,0,1,0,0,1,0,1,0,negative
100,0,0,1,1,0,0,0,0,1,0,1,0,1,0,0,0,1,0,0,1,0,0,1,0,positive
257,0,1,0,1,0,0,1,0,0,0,1,0,0,0,1,1,0,0,0,0,1,1,0,0,positive
140,0,0,1,1,0,0,0,0,1,1,0,0,0,1,0,1,0,0,1,0,0,0,0,1,positive
856,1,0,0,0,1,0,1,0,0,1,0,0,0,0,1,0,1,0,0,1,0,0,0,1,negative
94,0,0,1,1,0,0,0,1,0,0,1,0,1,0,0,0,1,0,0,0,1,0,1,0,positive
273,0,0,1,1,0,0,0,0,1,0,1,0,0,0,1,0,1,0,0,0,1,0,1,0,positive
416,1,0,0,0,1,0,1,0,0,0,0,1,0,1,0,0,1,0,0,1,0,1,0,0,positive
393,0,0,1,0,1,0,0,0,1,1,0,0,0,1,0,0,0,1,1,0,0,1,0,0,positive
812,0,0,1,0,1,0,1,0,0,0,1,0,0,1,0,1,0,0,0,1,0,1,0,0,negative
467,0,1,0,0,1,0,1,0,0,0,1,0,0,0,1,1,0,0,0,1,0,1,0,0,positive
160,1,0,0,1,0,0,1,0,0,0,1,0,0,1,0,0,0,1,0,0,1,1,0,0,positive
323,0,0,1,0,1,0,1,0,0,0,1,0,1,0,0,0,0,1,1,0,0,0,0,1,positive
378,1,0,0,0,1,0,1,0,0,1,0,0,0,1,0,0,0,1,0,0,1,0,0,1,positive
343,0,0,1,0,1,0,0,0,1,0,1,0,1,0,0,0,1,0,0,1,0,0,0,1,positive
148,0,0,1,1,0,0,1,0,0,0,1,0,0,1,0,0,0,1,0,0,1,0,1,0,positive
587,1,0,0,0,0,1,0,0,1,0,0,1,0,1,0,0,1,0,0,1,0,1,0,0,positive
456,1,0,0,0,1,0,0,0,1,1,0,0,0,0,1,1,0,0,0,1,0,1,0,0,positive
596,0,0,1,0,0,1,0,1,0,1,0,0,0,0,1,0,1,0,1,0,0,1,0,0,positive
423,0,0,1,0,1,0,1,0,0,1,0,0,0,0,1,0,0,1,1,0,0,0,1,0,positive
721,1,0,0,1,0,0,1,0,0,0,1,0,0,0,1,0,0,1,1,0,0,0,1,0,negative
848,1,0,0,0,1,0,1,0,0,0,0,1,0,1,0,0,0,1,0,1,0,1,0,0,negative
633,1,0,0,1,0,0,1,0,0,0,1,0,1,0,0,1,0,0,0,0,1,0,1,0,negative
555,0,0,1,0,0,1,0,0,1,1,0,0,0,1,0,1,0,0,0,0,1,1,0,0,positive
679,0,1,0,1,0,0,1,0,0,1,0,0,0,1,0,0,0,1,1,0,0,0,1,0,negative
494,0,0,1,0,0,1,0,0,1,1,0,0,1,0,0,1,0,0,1,0,0,1,0,0,positive
70,0,1,0,1,0,0,0,0,1,1,0,0,1,0,0,1,0,0,1,0,0,1,0,0,positive
245,0,0,1,1,0,0,1,0,0,0,1,0,0,0,1,1,0,0,1,0,0,0,0,1,positive
774,1,0,0,0,1,0,0,0,1,1,0,0,1,0,0,0,1,0,0,1,0,0,0,1,negative
826,0,1,0,0,1,0,1,0,0,0,1,0,0,1,0,0,0,1,0,0,1,1,0,0,negative
369,0,0,1,0,1,0,1,0,0,1,0,0,0,1,0,0,0,1,0,0,1,0,1,0,positive
636,1,0,0,1,0,0,1,0,0,0,1,0,1,0,0,0,1,0,1,0,0,0,1,0,negative
330,0,0,1,0,1,0,0,1,0,0,1,0,1,0,0,0,0,1,0,1,0,1,0,0,positive
95,0,0,1,1,0,0,0,1,0,0,1,0,1,0,0,0,1,0,0,1,0,0,0,1,positive
835,0,0,1,0,1,0,0,1,0,0,1,0,0,1,0,0,0,1,0,1,0,0,0,1,negative
702,1,0,0,1,0,0,0,1,0,0,0,1,0,1,0,0,0,1,1,0,0,1,0,0,negative
591,0,0,1,0,0,1,0,1,0,1,0,0,0,0,1,0,0,1,1,0,0,1,0,0,positive
913,1,0,0,0,0,1,0,1,0,0,0,1,1,0,0,1,0,0,0,1,0,0,0,1,negative
349,0,0,1,0,1,0,1,0,0,0,0,1,1,0,0,1,0,0,0,1,0,0,1,0,positive
589,0,0,1,0,0,1,1,0,0,1,0,0,0,0,1,1,0,0,1,0,0,1,0,0,positive
565,0,0,1,0,0,1,1,0,0,0,1,0,0,1,0,0,0,1,0,1,0,0,1,0,positive
560,1,0,0,0,0,1,0,0,1,1,0,0,0,1,0,1,0,0,0,1,0,1,0,0,positive
65,1,0,0,1,0,0,0,0,1,1,0,0,1,0,0,0,1,0,0,1,0,0,1,0,positive
446,0,0,1,0,1,0,0,0,1,1,0,0,0,0,1,0,0,1,1,0,0,1,0,0,positive
611,0,0,1,0,0,1,1,0,0,0,1,0,0,0,1,0,0,1,1,0,0,0,1,0,positive
22,1,0,0,1,0,0,0,1,0,1,0,0,1,0,0,0,0,1,1,0,0,1,0,0,positive
626,1,0,0,0,0,1,0,0,1,0,0,1,0,0,1,1,0,0,0,1,0,1,0,0,positive
119,0,1,0,1,0,0,1,0,0,1,0,0,0,1,0,1,0,0,1,0,0,1,0,0,positive
833,0,0,1,0,1,0,0,1,0,0,1,0,0,1,0,0,0,1,0,1,0,1,0,0,negative
96,0,0,1,1,0,0,0,1,0,0,1,0,1,0,0,0,1,0,1,0,0,0,0,1,positive
414,0,0,1,0,1,0,1,0,0,0,0,1,0,1,0,0,0,1,1,0,0,0,0,1,positive
924,1,0,0,0,0,1,1,0,0,0,1,0,0,1,0,0,0,1,0,1,0,0,1,0,negative
238,0,0,1,1,0,0,0,0,1,1,0,0,0,0,1,1,0,0,1,0,0,0,1,0,positive
334,0,0,1,0,1,0,0,1,0,0,1,0,1,0,0,0,1,0,0,1,0,0,0,1,positive
86,0,1,0,1,0,0,1,0,0,0,1,0,1,0,0,0,1,0,1,0,0,1,0,0,positive
205,0,1,0,1,0,0,1,0,0,0,0,1,0,1,0,1,0,0,0,0,1,1,0,0,positive
720,1,0,0,1,0,0,1,0,0,0,1,0,0,0,1,0,0,1,0,1,0,0,1,0,negative
271,0,0,1,1,0,0,0,0,1,0,1,0,0,0,1,1,0,0,0,1,0,0,1,0,positive
113,0,0,1,1,0,0,0,0,1,0,0,1,1,0,0,1,0,0,1,0,0,0,1,0,positive
681,1,0,0,1,0,0,0,1,0,1,0,0,0,1,0,1,0,0,0,1,0,1,0,0,negative
398,0,0,1,0,1,0,0,0,1,1,0,0,0,1,0,1,0,0,0,0,1,1,0,0,positive
559,1,0,0,0,0,1,0,0,1,1,0,0,0,1,0,0,0,1,0,0,1,0,0,1,positive
829,0,1,0,0,1,0,1,0,0,0,1,0,0,1,0,0,0,1,0,0,1,0,0,1,negative
790,1,0,0,0,1,0,1,0,0,0,0,1,1,0,0,1,0,0,0,1,0,1,0,0,negative
120,0,1,0,1,0,0,1,0,0,1,0,0,0,1,0,1,0,0,0,0,1,1,0,0,positive
123,0,0,1,1,0,0,0,1,0,1,0,0,0,1,0,0,0,1,1,0,0,0,1,0,positive
277,0,0,1,1,0,0,1,0,0,0,0,1,0,0,1,1,0,0,1,0,0,0,1,0,positive
617,1,0,0,0,0,1,0,1,0,0,1,0,0,0,1,0,0,1,0,1,0,1,0,0,positive
773,1,0,0,0,1,0,0,0,1,1,0,0,1,0,0,0,1,0,0,0,1,1,0,0,negative
93,0,0,1,1,0,0,0,1,0,0,1,0,1,0,0,0,1,0,0,1,0,0,1,0,positive
729,0,0,1,1,0,0,0,0,1,0,1,0,0,0,1,1,0,0,0,0,1,1,0,0,negative
820,0,0,1,0,1,0,1,0,0,0,1,0,0,1,0,0,1,0,0,0,1,0,0,1,negative
5,1,0,0,1,0,0,1,0,0,1,0,0,1,0,0,1,0,0,1,0,0,0,0,1,positive
670,1,0,0,1,0,0,0,1,0,0,0,1,1,0,0,1,0,0,0,0,1,0,0,1,negative
17,0,0,1,1,0,0,0,1,0,1,0,0,1,0,0,1,0,0,1,0,0,0,0,1,positive
370,0,0,1,0,1,0,1,0,0,1,0,0,0,1,0,0,0,1,1,0,0,0,0,1,positive
295,0,0,1,1,0,0,0,0,1,0,0,1,0,0,1,0,1,0,1,0,0,0,1,0,positive
421,1,0,0,0,1,0,0,0,1,0,0,1,0,1,0,0,0,1,0,1,0,1,0,0,positive
497,0,0,1,0,0,1,1,0,0,0,1,0,1,0,0,0,0,1,1,0,0,0,1,0,positive
8,1,0,0,1,0,0,1,0,0,1,0,0,1,0,0,0,1,0,0,0,1,0,1,0,positive
38,0,1,0,1,0,0,0,1,0,1,0,0,1,0,0,1,0,0,1,0,0,1,0,0,positive
442,1,0,0,0,1,0,0,1,0,1,0,0,0,0,1,0,1,0,0,1,0,1,0,0,positive
907,1,0,0,0,0,1,0,0,1,0,1,0,1,0,0,0,1,0,0,1,0,0,1,0,negative
411,0,0,1,0,1,0,1,0,0,0,0,1,0,1,0,0,0,1,0,1,0,0,1,0,positive
49,0,1,0,1,0,0,0,1,0,1,0,0,1,0,0,0,1,0,1,0,0,0,0,1,positive
364,0,0,1,0,1,0,0,0,1,0,0,1,1,0,0,0,1,0,0,1,0,0,0,1,positive
101,0,0,1,1,0,0,0,0,1,0,1,0,1,0,0,0,1,0,1,0,0,0,1,0,positive
540,0,0,1,0,0,1,0,1,0,1,0,0,0,1,0,1,0,0,0,0,1,1,0,0,positive
718,0,0,1,1,0,0,1,0,0,0,1,0,0,0,1,1,0,0,0,1,0,0,1,0,negative
538,0,0,1,0,0,1,0,1,0,1,0,0,0,1,0,0,0,1,1,0,0,0,0,1,positive
34,1,0,0,1,0,0,0,1,0,1,0,0,1,0,0,0,1,0,0,0,1,0,0,1,positive
599,1,0,0,0,0,1,0,1,0,1,0,0,0,0,1,0,0,1,0,1,0,0,1,0,positive
923,1,0,0,0,0,1,1,0,0,0,1,0,0,1,0,0,0,1,1,0,0,1,0,0,negative
210,0,0,1,1,0,0,0,1,0,0,0,1,0,1,0,1,0,0,0,0,1,1,0,0,positive
650,0,0,1,1,0,0,0,0,1,0,1,0,1,0,0,1,0,0,1,0,0,1,0,0,negative
122,0,0,1,1,0,0,0,1,0,1,0,0,0,1,0,0,0,1,1,0,0,1,0,0,positive
735,0,0,1,1,0,0,1,0,0,0,0,1,0,0,1,0,1,0,1,0,0,0,1,0,negative
499,0,0,1,0,0,1,1,0,0,0,1,0,1,0,0,0,0,1,1,0,0,0,0,1,positive
217,0,0,1,1,0,0,0,0,1,0,0,1,0,1,0,0,0,1,1,0,0,0,1,0,positive
697,1,0,0,1,0,0,0,0,1,0,1,0,0,1,0,0,0,1,1,0,0,1,0,0,negative
584,0,0,1,0,0,1,0,1,0,0,0,1,0,1,0,1,0,0,0,1,0,1,0,0,positive
202,0,1,0,1,0,0,1,0,0,0,0,1,0,1,0,0,0,1,1,0,0,1,0,0,positive
706,0,0,1,1,0,0,1,0,0,1,0,0,0,0,1,1,0,0,1,0,0,0,1,0,negative
146,0,0,1,1,0,0,1,0,0,0,1,0,0,1,0,0,0,1,0,1,0,0,1,0,positive
891,0,1,0,0,0,1,0,0,1,1,0,0,1,0,0,0,0,1,1,0,0,0,1,0,negative
861,0,0,1,0,1,0,0,1,0,1,0,0,0,0,1,0,1,0,0,0,1,0,1,0,negative
638,0,1,0,1,0,0,1,0,0,0,1,0,1,0,0,0,0,1,1,0,0,0,1,0,negative
583,1,0,0,0,0,1,1,0,0,0,0,1,0,1,0,1,0,0,0,1,0,1,0,0,positive
249,1,0,0,1,0,0,1,0,0,0,1,0,0,0,1,0,0,1,0,0,1,1,0,0,positive
347,0,0,1,0,1,0,1,0,0,0,0,1,1,0,0,0,0,1,0,0,1,0,1,0,positive
859,0,0,1,0,1,0,0,1,0,1,0,0,0,0,1,1,0,0,0,1,0,0,1,0,negative
519,0,0,1,0,0,1,0,1,0,0,0,1,1,0,0,1,0,0,0,1,0,1,0,0,positive
942,1,0,0,0,0,1,0,0,1,0,1,0,0,0,1,0,0,1,0,1,0,0,1,0,negative
791,1,0,0,0,1,0,1,0,0,0,0,1,1,0,0,0,1,0,0,0,1,1,0,0,negative
293,0,0,1,1,0,0,0,0,1,0,0,1,0,0,1,1,0,0,0,0,1,0,1,0,positive
803,1,0,0,0,1,0,0,0,1,0,0,1,1,0,0,0,1,0,0,1,0,1,0,0,negative
816,0,0,1,0,1,0,1,0,0,0,1,0,0,1,0,0,1,0,1,0,0,1,0,0,negative
353,0,0,1,0,1,0,0,1,0,0,0,1,1,0,0,1,0,0,0,1,0,1,0,0,positive
453,1,0,0,0,1,0,0,0,1,1,0,0,0,0,1,0,0,1,1,0,0,1,0,0,positive
338,0,0,1,0,1,0,0,0,1,0,1,0,1,0,0,0,0,1,0,1,0,0,0,1,positive
886,1,0,0,0,0,1,0,1,0,1,0,0,1,0,0,1,0,0,0,0,1,1,0,0,negative
839,0,0,1,0,1,0,0,0,1,0,1,0,0,1,0,0,0,1,0,1,0,0,1,0,negative
222,0,0,1,1,0,0,0,0,1,0,0,1,0,1,0,0,1,0,1,0,0,0,0,1,positive
872,1,0,0,0,1,0,1,0,0,0,0,1,0,0,1,0,0,1,0,0,1,1,0,0,negative
10,0,1,0,1,0,0,1,0,0,1,0,0,1,0,0,1,0,0,1,0,0,0,1,0,positive
853,1,0,0,0,1,0,1,0,0,1,0,0,0,0,1,0,0,1,0,0,1,0,0,1,negative
15,0,0,1,1,0,0,0,1,0,1,0,0,1,0,0,1,0,0,1,0,0,0,1,0,positive
777,1,0,0,0,1,0,1,0,0,0,1,0,1,0,0,0,0,1,0,1,0,0,1,0,negative
613,0,0,1,0,0,1,1,0,0,0,1,0,0,0,1,0,0,1,1,0,0,0,0,1,positive
30,1,0,0,1,0,0,0,1,0,1,0,0,1,0,0,0,1,0,0,1,0,0,1,0,positive
806,1,0,0,0,1,0,1,0,0,1,0,0,0,1,0,0,0,1,0,1,0,0,0,1,negative
341,0,0,1,0,1,0,0,0,1,0,1,0,1,0,0,0,1,0,0,1,0,1,0,0,positive
460,0,0,1,0,1,0,1,0,0,0,1,0,0,0,1,0,0,1,0,0,1,1,0,0,positive
298,1,0,0,0,1,0,1,0,0,1,0,0,1,0,0,0,0,1,1,0,0,0,1,0,positive
513,0,0,1,0,0,1,0,0,1,0,1,0,1,0,0,1,0,0,0,1,0,0,0,1,positive
385,0,0,1,0,1,0,0,1,0,1,0,0,0,1,0,0,0,1,0,0,1,0,0,1,positive
815,0,0,1,0,1,0,1,0,0,0,1,0,0,1,0,0,1,0,0,1,0,1,0,0,negative
208,0,0,1,1,0,0,0,1,0,0,0,1,0,1,0,0,0,1,0,0,1,0,1,0,positive
634,1,0,0,1,0,0,1,0,0,0,1,0,1,0,0,1,0,0,0,1,0,0,0,1,negative
167,0,1,0,1,0,0,1,0,0,0,1,0,0,1,0,1,0,0,0,0,1,1,0,0,positive
235,1,0,0,1,0,0,0,1,0,1,0,0,0,0,1,0,0,1,1,0,0,0,0,1,positive
179,0,0,1,1,0,0,0,0,1,0,1,0,0,1,0,0,0,1,0,0,1,0,1,0,positive
537,0,0,1,0,0,1,0,1,0,1,0,0,0,1,0,0,0,1,0,0,1,0,1,0,positive
566,0,0,1,0,0,1,1,0,0,0,1,0,0,1,0,0,0,1,0,0,1,0,1,0,positive
412,0,0,1,0,1,0,1,0,0,0,0,1,0,1,0,0,0,1,0,0,1,0,1,0,positive
832,0,1,0,0,1,0,1,0,0,0,1,0,0,1,0,0,1,0,0,1,0,0,0,1,negative
410,0,0,1,0,1,0,1,0,0,0,0,1,0,1,0,0,0,1,0,0,1,1,0,0,positive
763,0,1,0,0,1,0,0,1,0,1,0,0,1,0,0,0,0,1,0,1,0,0,1,0,negative
473,0,0,1,0,1,0,1,0,0,0,0,1,0,0,1,0,0,1,1,0,0,1,0,0,positive
585,1,0,0,0,0,1,0,1,0,0,0,1,0,1,0,0,0,1,0,1,0,1,0,0,positive
722,1,0,0,1,0,0,1,0,0,0,1,0,0,0,1,0,0,1,0,0,1,0,1,0,negative
132,0,0,1,1,0,0,0,1,0,1,0,0,0,1,0,0,1,0,1,0,0,0,0,1,positive
903,1,0,0,0,0,1,0,1,0,0,1,0,1,0,0,0,0,1,0,1,0,0,1,0,negative
939,1,0,0,0,0,1,1,0,0,0,1,0,0,0,1,0,1,0,0,1,0,0,1,0,negative
444,0,1,0,0,1,0,0,1,0,1,0,0,0,0,1,0,0,1,0,0,1,0,0,1,positive
647,1,0,0,1,0,0,0,1,0,0,1,0,1,0,0,0,1,0,0,1,0,0,1,0,negative
14,0,0,1,1,0,0,0,1,0,1,0,0,1,0,0,1,0,0,0,1,0,0,1,0,positive
348,0,0,1,0,1,0,1,0,0,0,0,1,1,0,0,0,0,1,1,0,0,0,0,1,positive
171,0,0,1,1,0,0,0,1,0,0,1,0,0,1,0,0,0,1,1,0,0,1,0,0,positive
158,0,0,1,1,0,0,1,0,0,0,1,0,0,1,0,0,1,0,1,0,0,0,0,1,positive
868,0,0,1,0,1,0,1,0,0,0,1,0,0,0,1,1,0,0,0,1,0,1,0,0,negative
922,0,0,1,0,0,1,1,0,0,0,1,0,0,1,0,1,0,0,0,1,0,1,0,0,negative
427,0,0,1,0,1,0,1,0,0,1,0,0,0,0,1,1,0,0,0,0,1,1,0,0,positive
443,0,1,0,0,1,0,0,1,0,1,0,0,0,0,1,0,0,1,1,0,0,1,0,0,positive
489,0,0,1,0,0,1,0,1,0,1,0,0,1,0,0,0,1,0,1,0,0,1,0,0,positive
397,0,0,1,0,1,0,0,0,1,1,0,0,0,1,0,1,0,0,0,1,0,1,0,0,positive
55,1,0,0,1,0,0,0,0,1,1,0,0,1,0,0,0,0,1,0,0,1,0,1,0,positive
441,1,0,0,0,1,0,0,1,0,1,0,0,0,0,1,0,0,1,0,1,0,0,0,1,positive
104,1,0,0,1,0,0,1,0,0,0,0,1,1,0,0,0,1,0,1,0,0,1,0,0,positive
864,0,1,0,0,1,0,0,1,0,1,0,0,0,0,1,0,1,0,0,1,0,0,1,0,negative
141,0,0,1,1,0,0,0,0,1,1,0,0,0,1,0,0,1,0,1,0,0,1,0,0,positive
447,0,0,1,0,1,0,0,0,1,1,0,0,0,0,1,0,0,1,1,0,0,0,1,0,positive
675,1,0,0,1,0,0,1,0,0,1,0,0,0,1,0,0,0,1,1,0,0,0,0,1,negative
470,0,0,1,0,1,0,0,0,1,0,1,0,0,0,1,1,0,0,0,1,0,1,0,0,positive
573,0,1,0,0,0,1,0,1,0,0,1,0,0,1,0,0,0,1,0,1,0,1,0,0,positive
666,1,0,0,1,0,0,0,1,0,0,0,1,1,0,0,1,0,0,1,0,0,1,0,0,negative
772,1,0,0,0,1,0,0,0,1,1,0,0,1,0,0,1,0,0,0,1,0,1,0,0,negative
623,0,0,1,0,0,1,1,0,0,0,0,1,0,0,1,0,0,1,1,0,0,0,0,1,positive
651,0,0,1,1,0,0,0,0,1,0,1,0,1,0,0,1,0,0,0,0,1,0,0,1,negative
169,0,1,0,1,0,0,1,0,0,0,1,0,0,1,0,0,1,0,1,0,0,1,0,0,positive
700,1,0,0,1,0,0,1,0,0,0,0,1,0,1,0,0,0,1,1,0,0,0,0,1,negative
165,0,1,0,1,0,0,1,0,0,0,1,0,0,1,0,0,0,1,0,0,1,1,0,0,positive
320,0,0,1,0,1,0,1,0,0,0,1,0,1,0,0,0,0,1,0,1,0,0,1,0,positive
586,0,1,0,0,0,1,0,1,0,0,0,1,0,1,0,0,1,0,0,1,0,1,0,0,positive
204,0,1,0,1,0,0,1,0,0,0,0,1,0,1,0,1,0,0,1,0,0,1,0,0,positive
854,1,0,0,0,1,0,1,0,0,1,0,0,0,0,1,1,0,0,0,1,0,1,0,0,negative
282,1,0,0,1,0,0,1,0,0,0,0,1,0,0,1,0,1,0,1,0,0,1,0,0,positive
401,0,0,1,0,1,0,0,0,1,1,0,0,0,1,0,0,1,0,0,0,1,1,0,0,positive
526,0,0,1,0,0,1,0,0,1,0,0,1,1,0,0,0,1,0,0,1,0,0,1,0,positive
403,1,0,0,0,1,0,0,0,1,1,0,0,0,1,0,0,0,1,0,1,0,0,0,1,positive
425,0,0,1,0,1,0,1,0,0,1,0,0,0,0,1,0,0,1,1,0,0,0,0,1,positive
825,0,1,0,0,1,0,1,0,0,0,1,0,0,1,0,0,0,1,1,0,0,1,0,0,negative
189,0,0,1,1,0,0,1,0,0,0,0,1,0,1,0,0,0,1,0,0,1,0,1,0,positive
176,0,0,1,1,0,0,0,1,0,0,1,0,0,1,0,0,1,0,0,1,0,0,0,1,positive
297,0,0,1,0,1,0,1,0,0,1,0,0,1,0,0,1,0,0,0,1,0,0,1,0,positive
79,0,0,1,1,0,0,1,0,0,0,1,0,1,0,0,1,0,0,1,0,0,0,1,0,positive
147,0,0,1,1,0,0,1,0,0,0,1,0,0,1,0,0,0,1,1,0,0,0,1,0,positive
45,0,1,0,1,0,0,0,1,0,1,0,0,1,0,0,0,1,0,1,0,0,1,0,0,positive
775,0,0,1,0,1,0,1,0,0,0,1,0,1,0,0,1,0,0,0,0,1,1,0,0,negative
768,0,0,1,0,1,0,0,0,1,1,0,0,1,0,0,0,0,1,1,0,0,0,1,0,negative
912,1,0,0,0,0,1,0,1,0,0,0,1,1,0,0,1,0,0,0,0,1,1,0,0,negative
795,0,0,1,0,1,0,0,1,0,0,0,1,1,0,0,0,1,0,0,0,1,0,1,0,negative
701,1,0,0,1,0,0,1,0,0,0,0,1,0,1,0,0,1,0,1,0,0,0,0,1,negative
41,0,1,0,1,0,0,0,1,0,1,0,0,1,0,0,1,0,0,0,0,1,0,1,0,positive
40,0,1,0,1,0,0,0,1,0,1,0,0,1,0,0,1,0,0,0,1,0,0,1,0,positive
126,0,0,1,1,0,0,0,1,0,1,0,0,0,1,0,1,0,0,0,0,1,1,0,0,positive
834,0,0,1,0,1,0,0,1,0,0,1,0,0,1,0,0,0,1,0,0,1,1,0,0,negative
900,1,0,0,0,0,1,1,0,0,0,1,0,1,0,0,0,1,0,0,0,1,0,1,0,negative
744,1,0,0,0,1,0,1,0,0,1,0,0,1,0,0,1,0,0,0,0,1,1,0,0,negative
761,1,0,0,0,1,0,0,1,0,1,0,0,1,0,0,0,1,0,0,1,0,1,0,0,negative
445,0,1,0,0,1,0,0,1,0,1,0,0,0,0,1,1,0,0,0,1,0,1,0,0,positive
880,0,0,1,0,0,1,1,0,0,1,0,0,1,0,0,1,0,0,1,0,0,0,1,0,negative
428,0,0,1,0,1,0,1,0,0,1,0,0,0,0,1,0,1,0,1,0,0,1,0,0,positive
794,0,0,1,0,1,0,0,1,0,0,0,1,1,0,0,0,0,1,0,0,1,0,1,0,negative
577,0,0,1,0,0,1,1,0,0,0,0,1,0,1,0,0,0,1,1,0,0,1,0,0,positive
644,1,0,0,1,0,0,0,1,0,0,1,0,1,0,0,1,0,0,0,1,0,1,0,0,negative
228,0,0,1,1,0,0,0,1,0,1,0,0,0,0,1,1,0,0,1,0,0,1,0,0,positive
541,0,0,1,0,0,1,0,1,0,1,0,0,0,1,0,0,1,0,0,1,0,1,0,0,positive
733,1,0,0,1,0,0,0,0,1,0,1,0,0,0,1,0,1,0,0,1,0,0,1,0,negative
90,0,0,1,1,0,0,0,1,0,0,1,0,1,0,0,1,0,0,0,1,0,0,1,0,positive
440,1,0,0,0,1,0,0,1,0,1,0,0,0,0,1,0,0,1,0,0,1,1,0,0,positive
940,0,1,0,0,0,1,1,0,0,0,1,0,0,0,1,1,0,0,0,1,0,1,0,0,negative
502,0,0,1,0,0,1,0,1,0,0,1,0,1,0,0,0,0,1,0,1,0,0,1,0,positive
704,1,0,0,1,0,0,0,0,1,0,0,1,0,1,0,0,0,1,1,0,0,0,0,1,negative
197,1,0,0,1,0,0,1,0,0,0,0,1,0,1,0,0,0,1,0,0,1,1,0,0,positive
852,1,0,0,0,1,0,1,0,0,1,0,0,0,0,1,0,0,1,0,1,0,0,1,0,negative
501,0,0,1,0,0,1,1,0,0,0,1,0,1,0,0,0,1,0,0,1,0,0,1,0,positive
765,0,1,0,0,1,0,0,1,0,1,0,0,1,0,0,1,0,0,0,1,0,0,1,0,negative
342,0,0,1,0,1,0,0,0,1,0,1,0,1,0,0,0,1,0,0,1,0,0,1,0,positive
381,0,1,0,0,1,0,1,0,0,1,0,0,0,1,0,0,0,1,1,0,0,0,0,1,positive
682,1,0,0,1,0,0,0,1,0,1,0,0,0,1,0,1,0,0,0,0,1,1,0,0,negative
665,1,0,0,1,0,0,0,1,0,0,0,1,1,0,0,1,0,0,0,1,0,1,0,0,negative
117,1,0,0,1,0,0,1,0,0,1,0,0,0,1,0,1,0,0,0,0,1,1,0,0,positive
783,0,0,1,0,1,0,0,1,0,0,1,0,1,0,0,0,0,1,0,0,1,0,1,0,negative
325,0,0,1,0,1,0,1,0,0,0,1,0,1,0,0,1,0,0,0,1,0,0,1,0,positive
58,1,0,0,1,0,0,0,0,1,1,0,0,1,0,0,1,0,0,0,0,1,1,0,0,positive
918,1,0,0,0,0,1,1,0,0,1,0,0,0,1,0,0,1,0,1,0,0,1,0,0,negative
209,0,0,1,1,0,0,0,1,0,0,0,1,0,1,0,0,0,1,1,0,0,0,0,1,positive
739,1,0,0,1,0,0,0,1,0,0,0,1,0,0,1,1,0,0,0,1,0,0,0,1,negative
551,0,0,1,0,0,1,0,0,1,1,0,0,0,1,0,0,0,1,1,0,0,1,0,0,positive
142,0,0,1,1,0,0,0,0,1,1,0,0,0,1,0,0,1,0,1,0,0,0,1,0,positive
215,1,0,0,1,0,0,0,1,0,0,0,1,0,1,0,0,1,0,0,1,0,1,0,0,positive
193,0,0,1,1,0,0,1,0,0,0,0,1,0,1,0,1,0,0,0,0,1,0,1,0,positive
528,0,0,1,0,0,1,1,0,0,1,0,0,0,1,0,0,0,1,0,0,1,0,1,0,positive
472,0,1,0,0,1,0,0,0,1,0,1,0,0,0,1,0,1,0,0,1,0,1,0,0,positive
207,0,1,0,1,0,0,1,0,0,0,0,1,0,1,0,0,1,0,0,0,1,1,0,0,positive
818,0,0,1,0,1,0,1,0,0,0,1,0,0,1,0,0,1,0,0,1,0,0,1,0,negative
379,1,0,0,0,1,0,1,0,0,1,0,0,0,1,0,1,0,0,0,1,0,1,0,0,positive
827,0,1,0,0,1,0,1,0,0,0,1,0,0,1,0,0,0,1,0,1,0,0,1,0,negative
294,0,0,1,1,0,0,0,0,1,0,0,1,0,0,1,1,0,0,1,0,0,0,0,1,positive
866,1,0,0,0,1,0,0,0,1,1,0,0,0,0,1,0,0,1,0,1,0,0,0,1,negative
415,0,0,1,0,1,0,1,0,0,0,0,1,0,1,0,0,0,1,0,0,1,0,0,1,positive
943,0,0,1,1,0,0,0,1,0,0,1,0,1,0,0,0,0,1,1,0,0,1,0,0,negative
686,1,0,0,1,0,0,0,0,1,1,0,0,0,1,0,0,0,1,1,0,0,1,0,0,negative
667,1,0,0,1,0,0,0,1,0,0,0,1,1,0,0,1,0,0,0,0,1,1,0,0,negative
539,0,0,1,0,0,1,0,1,0,1,0,0,0,1,0,1,0,0,0,1,0,1,0,0,positive
811,1,0,0,0,1,0,0,0,1,1,0,0,0,1,0,0,0,1,0,1,0,1,0,0,negative
928,1,0,0,0,0,1,0,0,1,0,0,1,0,1,0,0,0,1,1,0,0,1,0,0,negative
129,0,0,1,1,0,0,0,1,0,1,0,0,0,1,0,0,1,0,1,0,0,1,0,0,positive
688,1,0,0,1,0,0,0,0,1,1,0,0,0,1,0,1,0,0,1,0,0,1,0,0,negative
756,1,0,0,0,1,0,0,1,0,1,0,0,1,0,0,0,0,1,0,1,0,0,1,0,negative
144,0,1,0,1,0,0,0,0,1,1,0,0,0,1,0,0,0,1,1,0,0,0,1,0,positive
402,1,0,0,0,1,0,0,0,1,1,0,0,0,1,0,0,0,1,0,0,1,1,0,0,positive
251,1,0,0,1,0,0,1,0,0,0,1,0,0,0,1,1,0,0,0,0,1,1,0,0,positive
335,1,0,0,0,1,0,0,1,0,0,1,0,1,0,0,0,0,1,0,1,0,1,0,0,positive
116,1,0,0,1,0,0,1,0,0,1,0,0,0,1,0,1,0,0,0,1,0,1,0,0,positive
845,0,1,0,0,1,0,0,0,1,0,1,0,0,1,0,0,0,1,0,1,0,1,0,0,negative
429,1,0,0,0,1,0,1,0,0,1,0,0,0,0,1,0,0,1,0,0,1,0,1,0,positive
284,0,1,0,1,0,0,1,0,0,0,0,1,0,0,1,1,0,0,1,0,0,1,0,0,positive
457,0,1,0,0,1,0,0,0,1,1,0,0,0,0,1,0,0,1,0,0,1,0,1,0,positive
673,0,0,1,1,0,0,1,0,0,1,0,0,0,1,0,0,1,0,1,0,0,0,1,0,negative
787,1,0,0,0,1,0,1,0,0,0,0,1,1,0,0,0,0,1,1,0,0,1,0,0,negative
206,0,1,0,1,0,0,1,0,0,0,0,1,0,1,0,0,1,0,1,0,0,1,0,0,positive
532,0,0,1,0,0,1,1,0,0,1,0,0,0,1,0,0,1,0,1,0,0,1,0,0,positive
948,1,0,0,1,0,0,1,0,0,1,0,0,0,1,0,1,0,0,0,1,0,0,1,0,negative
678,1,0,0,1,0,0,1,0,0,1,0,0,0,1,0,0,1,0,1,0,0,0,0,1,negative
517,0,0,1,0,0,1,1,0,0,0,0,1,1,0,0,1,0,0,0,1,0,0,1,0,positive
606,1,0,0,0,0,1,0,0,1,1,0,0,0,0,1,0,0,1,0,0,1,0,1,0,positive
698,1,0,0,1,0,0,0,0,1,0,1,0,0,1,0,0,0,1,0,1,0,0,1,0,negative
306,0,0,1,0,1,0,0,1,0,1,0,0,1,0,0,0,1,0,0,1,0,0,0,1,positive
340,0,0,1,0,1,0,0,0,1,0,1,0,1,0,0,1,0,0,0,1,0,0,0,1,positive
420,0,0,1,0,1,0,0,0,1,0,0,1,0,1,0,1,0,0,0,1,0,1,0,0,positive
487,0,0,1,0,0,1,0,1,0,1,0,0,1,0,0,1,0,0,0,1,0,0,1,0,positive
31,1,0,0,1,0,0,0,1,0,1,0,0,1,0,0,0,1,0,0,0,1,0,1,0,positive
546,1,0,0,0,0,1,0,1,0,1,0,0,0,1,0,0,1,0,0,1,0,1,0,0,positive
247,0,0,1,1,0,0,1,0,0,0,1,0,0,0,1,0,1,0,1,0,0,0,1,0,positive
63,1,0,0,1,0,0,0,0,1,1,0,0,1,0,0,1,0,0,0,0,1,0,0,1,positive
265,0,0,1,1,0,0,0,1,0,0,1,0,0,0,1,0,1,0,0,1,0,0,1,0,positive
911,1,0,0,0,0,1,0,1,0,0,0,1,1,0,0,1,0,0,0,1,0,1,0,0,negative
404,1,0,0,0,1,0,0,0,1,1,0,0,0,1,0,0,1,0,0,1,0,1,0,0,positive
669,1,0,0,1,0,0,0,1,0,0,0,1,1,0,0,1,0,0,0,1,0,0,0,1,negative
388,0,0,1,0,1,0,0,1,0,1,0,0,0,1,0,0,1,0,0,0,1,1,0,0,positive
136,0,1,0,1,0,0,0,1,0,1,0,0,0,1,0,0,0,1,1,0,0,0,0,1,positive
289,0,0,1,1,0,0,0,1,0,0,0,1,0,0,1,1,0,0,0,1,0,0,1,0,positive
955,0,0,1,0,1,0,1,0,0,0,1,0,1,0,0,1,0,0,1,0,0,1,0,0,negative
175,0,0,1,1,0,0,0,1,0,0,1,0,0,1,0,0,1,0,0,0,1,1,0,0,positive
246,0,0,1,1,0,0,1,0,0,0,1,0,0,0,1,0,1,0,1,0,0,1,0,0,positive
485,0,0,1,0,0,1,0,1,0,1,0,0,1,0,0,1,0,0,1,0,0,1,0,0,positive
714,1,0,0,1,0,0,0,1,0,1,0,0,0,0,1,1,0,0,0,1,0,0,0,1,negative
399,0,0,1,0,1,0,0,0,1,1,0,0,0,1,0,0,1,0,0,1,0,1,0,0,positive
937,1,0,0,0,0,1,1,0,0,0,1,0,0,0,1,0,0,1,0,1,0,0,1,0,negative
318,0,1,0,0,1,0,0,0,1,1,0,0,1,0,0,0,0,1,1,0,0,0,1,0,positive
386,0,0,1,0,1,0,0,1,0,1,0,0,0,1,0,1,0,0,0,1,0,1,0,0,positive
174,0,0,1,1,0,0,0,1,0,0,1,0,0,1,0,1,0,0,0,1,0,1,0,0,positive
223,1,0,0,1,0,0,0,0,1,0,0,1,0,1,0,1,0,0,0,1,0,1,0,0,positive
660,0,1,0,1,0,0,0,0,1,0,1,0,1,0,0,1,0,0,0,1,0,0,0,1,negative
683,1,0,0,1,0,0,0,1,0,1,0,0,0,1,0,1,0,0,0,1,0,0,0,1,negative
372,0,0,1,0,1,0,1,0,0,1,0,0,0,1,0,1,0,0,0,1,0,1,0,0,positive
910,0,1,0,0,0,1,1,0,0,0,0,1,1,0,0,0,0,1,1,0,0,0,1,0,negative
897,1,0,0,0,0,1,1,0,0,0,1,0,1,0,0,1,0,0,0,1,0,1,0,0,negative
581,0,0,1,0,0,1,1,0,0,0,0,1,0,1,0,0,0,1,1,0,0,0,0,1,positive
157,0,0,1,1,0,0,1,0,0,0,1,0,0,1,0,0,1,0,0,0,1,0,1,0,positive
259,0,1,0,1,0,0,1,0,0,0,1,0,0,0,1,0,1,0,0,0,1,1,0,0,positive
888,1,0,0,0,0,1,0,1,0,1,0,0,1,0,0,1,0,0,0,1,0,0,0,1,negative
531,0,0,1,0,0,1,1,0,0,1,0,0,0,1,0,1,0,0,0,0,1,1,0,0,positive
481,1,0,0,0,1,0,0,1,0,0,0,1,0,0,1,0,0,1,0,1,0,1,0,0,positive
114,0,0,1,1,0,0,1,0,0,1,0,0,0,1,0,1,0,0,1,0,0,1,0,0,positive
192,0,0,1,1,0,0,1,0,0,0,0,1,0,1,0,1,0,0,0,0,1,1,0,0,positive
84,1,0,0,1,0,0,1,0,0,0,1,0,1,0,0,0,1,0,0,0,1,1,0,0,positive
789,1,0,0,0,1,0,1,0,0,0,0,1,1,0,0,0,0,1,0,0,1,0,0,1,negative
74,0,1,0,1,0,0,0,0,1,1,0,0,1,0,0,1,0,0,1,0,0,0,0,1,positive
536,0,0,1,0,0,1,0,1,0,1,0,0,0,1,0,0,0,1,0,0,1,1,0,0,positive
231,0,0,1,1,0,0,0,1,0,1,0,0,0,0,1,1,0,0,1,0,0,0,0,1,positive
632,1,0,0,1,0,0,1,0,0,0,1,0,1,0,0,1,0,0,0,1,0,0,1,0,negative
308,1,0,0,0,1,0,0,1,0,1,0,0,1,0,0,0,0,1,0,0,1,0,0,1,positive
745,1,0,0,0,1,0,1,0,0,1,0,0,1,0,0,1,0,0,0,1,0,0,0,1,negative
88,0,0,1,1,0,0,0,1,0,0,1,0,1,0,0,0,0,1,1,0,0,0,1,0,positive
727,0,0,1,1,0,0,0,1,0,0,1,0,0,0,1,1,0,0,0,1,0,1,0,0,negative
25,1,0,0,1,0,0,0,1,0,1,0,0,1,0,0,0,0,1,0,0,1,0,1,0,positive
639,0,1,0,1,0,0,1,0,0,0,1,0,1,0,0,1,0,0,0,1,0,0,1,0,negative
374,0,0,1,0,1,0,1,0,0,1,0,0,0,1,0,1,0,0,0,0,1,1,0,0,positive
220,0,0,1,1,0,0,0,0,1,0,0,1,0,1,0,1,0,0,0,0,1,0,0,1,positive
621,0,0,1,0,0,1,1,0,0,0,0,1,0,0,1,0,0,1,1,0,0,0,1,0,positive
945,1,0,0,1,0,0,0,1,0,0,1,0,1,0,0,0,0,1,1,0,0,1,0,0,negative
71,0,1,0,1,0,0,0,0,1,1,0,0,1,0,0,1,0,0,0,1,0,0,1,0,positive
413,0,0,1,0,1,0,1,0,0,0,0,1,0,1,0,0,0,1,0,1,0,0,0,1,positive
954,1,0,0,0,1,0,1,0,0,1,0,0,1,0,0,1,0,0,0,1,0,0,1,0,negative
574,0,0,1,0,0,1,0,0,1,0,1,0,0,1,0,1,0,0,0,1,0,1,0,0,positive
884,1,0,0,0,0,1,0,1,0,1,0,0,1,0,0,1,0,0,0,1,0,1,0,0,negative
648,0,1,0,1,0,0,0,1,0,0,1,0,1,0,0,1,0,0,0,1,0,1,0,0,negative
128,0,0,1,1,0,0,0,1,0,1,0,0,0,1,0,1,0,0,0,0,1,0,0,1,positive
788,1,0,0,0,1,0,1,0,0,0,0,1,1,0,0,0,0,1,0,1,0,0,1,0,negative
134,1,0,0,1,0,0,0,1,0,1,0,0,0,1,0,0,0,1,0,0,1,0,0,1,positive
454,1,0,0,0,1,0,0,0,1,1,0,0,0,0,1,0,0,1,0,1,0,0,1,0,positive
717,0,1,0,1,0,0,0,0,1,1,0,0,0,0,1,0,0,1,1,0,0,0,1,0,negative
229,0,0,1,1,0,0,0,1,0,1,0,0,0,0,1,1,0,0,0,0,1,1,0,0,positive
480,0,0,1,0,1,0,0,1,0,0,0,1,0,0,1,1,0,0,0,1,0,1,0,0,positive
658,1,0,0,1,0,0,0,0,1,0,1,0,1,0,0,0,1,0,0,0,1,0,1,0,negative
478,0,0,1,0,1,0,1,0,0,0,0,1,0,0,1,0,0,1,0,0,1,0,0,1,positive
43,0,1,0,1,0,0,0,1,0,1,0,0,1,0,0,1,0,0,1,0,0,0,0,1,positive
771,1,0,0,0,1,0,0,0,1,1,0,0,1,0,0,0,0,1,0,0,1,0,0,1,negative
355,0,0,1,0,1,0,0,1,0,0,0,1,1,0,0,0,1,0,0,1,0,1,0,0,positive
757,1,0,0,0,1,0,0,1,0,1,0,0,1,0,0,0,0,1,0,1,0,0,0,1,negative
662,1,0,0,1,0,0,1,0,0,0,0,1,1,0,0,0,0,1,1,0,0,0,1,0,negative
87,0,0,1,1,0,0,0,1,0,0,1,0,1,0,0,0,0,1,0,1,0,0,1,0,positive
932,1,0,0,0,0,1,0,1,0,1,0,0,0,0,1,1,0,0,0,0,1,1,0,0,negative
37,0,1,0,1,0,0,0,1,0,1,0,0,1,0,0,0,0,1,1,0,0,0,0,1,positive
6,1,0,0,1,0,0,1,0,0,1,0,0,1,0,0,1,0,0,0,0,1,0,0,1,positive
764,0,1,0,0,1,0,0,1,0,1,0,0,1,0,0,0,0,1,0,0,1,0,1,0,negative
9,1,0,0,1,0,0,1,0,0,1,0,0,1,0,0,0,1,0,1,0,0,0,0,1,positive
263,0,0,1,1,0,0,0,1,0,0,1,0,0,0,1,1,0,0,0,1,0,0,0,1,positive
567,0,0,1,0,0,1,1,0,0,0,1,0,0,1,0,0,0,1,0,1,0,0,0,1,positive
659,0,1,0,1,0,0,0,0,1,0,1,0,1,0,0,1,0,0,0,0,1,1,0,0,negative
495,0,0,1,0,0,1,0,0,1,1,0,0,1,0,0,1,0,0,0,1,0,0,1,0,positive
168,0,1,0,1,0,0,1,0,0,0,1,0,0,1,0,0,1,0,0,1,0,1,0,0,positive
288,0,0,1,1,0,0,0,1,0,0,0,1,0,0,1,1,0,0,1,0,0,1,0,0,positive
857,0,0,1,0,1,0,0,1,0,1,0,0,0,0,1,0,0,1,0,1,0,0,1,0,negative
710,1,0,0,1,0,0,0,1,0,1,0,0,0,0,1,1,0,0,0,1,0,1,0,0,negative
792,1,0,0,0,1,0,1,0,0,0,0,1,1,0,0,0,1,0,0,1,0,0,0,1,negative
523,0,0,1,0,0,1,0,1,0,0,0,1,1,0,0,0,1,0,0,1,0,0,0,1,positive
405,0,1,0,0,1,0,0,0,1,1,0,0,0,1,0,0,0,1,1,0,0,1,0,0,positive
127,0,0,1,1,0,0,0,1,0,1,0,0,0,1,0,1,0,0,0,1,0,0,1,0,positive
77,0,1,0,1,0,0,0,0,1,1,0,0,1,0,0,0,1,0,0,0,1,0,1,0,positive
376,0,0,1,0,1,0,1,0,0,1,0,0,0,1,0,0,1,0,0,0,1,1,0,0,positive
243,0,0,1,1,0,0,1,0,0,0,1,0,0,0,1,1,0,0,1,0,0,1,0,0,positive
814,0,0,1,0,1,0,1,0,0,0,1,0,0,1,0,1,0,0,0,1,0,0,0,1,negative
471,1,0,0,0,1,0,0,0,1,0,1,0,0,0,1,0,0,1,0,1,0,1,0,0,positive
629,0,0,1,1,0,0,1,0,0,0,1,0,1,0,0,0,1,0,1,0,0,0,1,0,negative
490,0,0,1,0,0,1,0,1,0,1,0,0,1,0,0,0,1,0,0,1,0,0,1,0,positive
594,0,0,1,0,0,1,0,1,0,1,0,0,0,0,1,1,0,0,1,0,0,1,0,0,positive
627,0,0,1,1,0,0,1,0,0,0,1,0,1,0,0,1,0,0,0,0,1,0,1,0,negative
409,0,0,1,0,1,0,1,0,0,0,0,1,0,1,0,0,0,1,1,0,0,1,0,0,positive
793,0,0,1,0,1,0,0,1,0,0,0,1,1,0,0,0,0,1,1,0,0,0,1,0,negative
419,0,1,0,0,1,0,0,1,0,0,0,1,0,1,0,0,0,1,0,1,0,1,0,0,positive
579,0,0,1,0,0,1,1,0,0,0,0,1,0,1,0,0,0,1,1,0,0,0,1,0,positive
439,0,0,1,0,1,0,0,1,0,1,0,0,0,0,1,0,1,0,0,0,1,1,0,0,positive
437,0,0,1,0,1,0,0,1,0,1,0,0,0,0,1,0,1,0,0,1,0,1,0,0,positive
799,0,1,0,0,1,0,0,1,0,0,0,1,1,0,0,0,0,1,0,0,1,0,1,0,negative
952,0,0,1,0,1,0,1,0,0,1,0,0,1,0,0,1,0,0,1,0,0,0,1,0,negative
321,0,0,1,0,1,0,1,0,0,0,1,0,1,0,0,0,0,1,1,0,0,0,1,0,positive
461,0,0,1,0,1,0,1,0,0,0,1,0,0,0,1,0,0,1,0,1,0,0,1,0,positive
326,0,0,1,0,1,0,1,0,0,0,1,0,1,0,0,1,0,0,0,1,0,0,0,1,positive
188,0,0,1,1,0,0,1,0,0,0,0,1,0,1,0,0,0,1,1,0,0,0,1,0,positive
572,0,0,1,0,0,1,0,1,0,0,1,0,0,1,0,0,1,0,0,1,0,1,0,0,positive
150,0,0,1,1,0,0,1,0,0,0,1,0,0,1,0,0,0,1,0,0,1,0,0,1,positive
908,0,1,0,0,0,1,0,0,1,0,1,0,1,0,0,1,0,0,0,1,0,1,0,0,negative
260,0,0,1,1,0,0,0,1,0,0,1,0,0,0,1,0,0,1,0,0,1,0,1,0,positive
879,1,0,0,0,1,0,0,0,1,0,0,1,0,0,1,0,0,1,0,1,0,1,0,0,negative
527,0,0,1,0,0,1,1,0,0,1,0,0,0,1,0,0,0,1,1,0,0,0,1,0,positive
394,0,0,1,0,1,0,0,0,1,1,0,0,0,1,0,0,0,1,0,0,1,1,0,0,positive
625,0,1,0,0,0,1,0,1,0,0,0,1,0,0,1,1,0,0,0,1,0,1,0,0,positive
424,0,0,1,0,1,0,1,0,0,1,0,0,0,0,1,0,0,1,0,0,1,0,1,0,positive
280,1,0,0,1,0,0,1,0,0,0,0,1,0,0,1,1,0,0,1,0,0,1,0,0,positive
395,0,0,1,0,1,0,0,0,1,1,0,0,0,1,0,0,0,1,0,0,1,0,1,0,positive
895,1,0,0,0,0,1,1,0,0,0,1,0,1,0,0,0,0,1,1,0,0,0,1,0,negative
575,1,0,0,0,0,1,0,0,1,0,1,0,0,1,0,0,0,1,0,1,0,1,0,0,positive
760,1,0,0,0,1,0,0,1,0,1,0,0,1,0,0,1,0,0,0,1,0,0,0,1,negative
590,1,0,0,0,0,1,1,0,0,1,0,0,0,0,1,0,0,1,1,0,0,0,1,0,positive
506,0,0,1,0,0,1,0,1,0,0,1,0,1,0,0,0,1,0,0,1,0,1,0,0,positive
889,1,0,0,0,0,1,0,1,0,1,0,0,1,0,0,1,0,0,0,0,1,0,0,1,negative
498,0,0,1,0,0,1,1,0,0,0,1,0,1,0,0,0,0,1,0,0,1,0,1,0,positive
362,0,0,1,0,1,0,0,0,1,0,0,1,1,0,0,1,0,0,0,1,0,0,0,1,positive
396,0,0,1,0,1,0,0,0,1,1,0,0,0,1,0,0,0,1,1,0,0,0,0,1,positive
276,0,0,1,1,0,0,1,0,0,0,0,1,0,0,1,1,0,0,1,0,0,1,0,0,positive
76,0,1,0,1,0,0,0,0,1,1,0,0,1,0,0,0,1,0,1,0,0,0,1,0,positive
118,1,0,0,1,0,0,1,0,0,1,0,0,0,1,0,0,1,0,0,0,1,1,0,0,positive
950,1,0,0,1,0,0,0,1,0,1,0,0,0,1,0,0,0,1,0,1,0,1,0,0,negative
726,0,1,0,1,0,0,1,0,0,0,1,0,0,0,1,1,0,0,0,1,0,0,0,1,negative
68,1,0,0,1,0,0,0,0,1,1,0,0,1,0,0,0,1,0,1,0,0,0,0,1,positive
324,0,0,1,0,1,0,1,0,0,0,1,0,1,0,0,0,0,1,0,0,1,0,0,1,positive
360,0,0,1,0,1,0,0,0,1,0,0,1,1,0,0,1,0,0,0,1,0,1,0,0,positive
738,1,0,0,1,0,0,0,1,0,0,0,1,0,0,1,1,0,0,0,0,1,1,0,0,negative
731,1,0,0,1,0,0,0,0,1,0,1,0,0,0,1,0,0,1,0,1,0,0,1,0,negative
545,1,0,0,0,0,1,0,1,0,1,0,0,0,1,0,0,0,1,0,1,0,0,0,1,positive
899,1,0,0,0,0,1,1,0,0,0,1,0,1,0,0,0,1,0,0,1,0,0,1,0,negative
841,0,0,1,0,1,0,0,0,1,0,1,0,0,1,0,0,0,1,0,0,1,0,0,1,negative
635,1,0,0,1,0,0,1,0,0,0,1,0,1,0,0,0,1,0,0,1,0,0,1,0,negative
751,0,0,1,0,1,0,0,1,0,1,0,0,1,0,0,0,0,1,0,0,1,0,1,0,negative
244,0,0,1,1,0,0,1,0,0,0,1,0,0,0,1,1,0,0,0,0,1,0,1,0,positive
151,0,0,1,1,0,0,1,0,0,0,1,0,0,1,0,1,0,0,1,0,0,1,0,0,positive
105,0,1,0,1,0,0,1,0,0,0,0,1,1,0,0,1,0,0,1,0,0,1,0,0,positive
390,0,1,0,0,1,0,0,1,0,1,0,0,0,1,0,0,0,1,0,0,1,1,0,0,positive
553,0,0,1,0,0,1,0,0,1,1,0,0,0,1,0,1,0,0,0,1,0,1,0,0,positive
109,0,0,1,1,0,0,0,1,0,0,0,1,1,0,0,1,0,0,1,0,0,0,0,1,positive
603,0,0,1,0,0,1,0,0,1,1,0,0,0,0,1,1,0,0,1,0,0,1,0,0,positive
64,1,0,0,1,0,0,0,0,1,1,0,0,1,0,0,0,1,0,1,0,0,1,0,0,positive
691,0,0,1,1,0,0,1,0,0,0,1,0,0,1,0,1,0,0,0,1,0,0,0,1,negative
707,1,0,0,1,0,0,1,0,0,1,0,0,0,0,1,0,0,1,1,0,0,0,1,0,negative
97,0,0,1,1,0,0,0,0,1,0,1,0,1,0,0,1,0,0,0,1,0,0,1,0,positive
893,0,0,1,0,0,1,1,0,0,0,1,0,1,0,0,1,0,0,0,0,1,0,0,1,negative
125,0,0,1,1,0,0,0,1,0,1,0,0,0,1,0,1,0,0,1,0,0,1,0,0,positive
953,1,0,0,0,1,0,1,0,0,1,0,0,1,0,0,1,0,0,1,0,0,1,0,0,negative
615,1,0,0,0,0,1,1,0,0,0,1,0,0,0,1,1,0,0,0,1,0,1,0,0,positive
367,0,0,1,0,1,0,1,0,0,1,0,0,0,1,0,0,0,1,0,1,0,0,1,0,positive
161,1,0,0,1,0,0,1,0,0,0,1,0,0,1,0,1,0,0,0,1,0,1,0,0,positive
451,0,0,1,0,1,0,0,0,1,1,0,0,0,0,1,0,1,0,1,0,0,1,0,0,positive
919,1,0,0,0,0,1,1,0,0,1,0,0,0,1,0,0,1,0,1,0,0,0,0,1,negative
846,0,1,0,0,1,0,0,0,1,0,1,0,0,1,0,0,0,1,0,0,1,1,0,0,negative
486,0,0,1,0,0,1,0,1,0,1,0,0,1,0,0,1,0,0,0,0,1,1,0,0,positive
291,0,0,1,1,0,0,0,1,0,0,0,1,0,0,1,0,1,0,0,0,1,0,1,0,positive
609,0,0,1,0,0,1,1,0,0,0,1,0,0,0,1,0,0,1,1,0,0,1,0,0,positive
67,1,0,0,1,0,0,0,0,1,1,0,0,1,0,0,0,1,0,0,0,1,0,1,0,positive
78,0,1,0,1,0,0,0,0,1,1,0,0,1,0,0,0,1,0,1,0,0,0,0,1,positive
656,1,0,0,1,0,0,0,0,1,0,1,0,1,0,0,1,0,0,0,1,0,0,1,0,negative
671,0,0,1,1,0,0,0,0,1,0,0,1,1,0,0,0,1,0,1,0,0,0,1,0,negative
233,0,0,1,1,0,0,0,1,0,1,0,0,0,0,1,0,1,0,1,0,0,0,1,0,positive
363,0,0,1,0,1,0,0,0,1,0,0,1,1,0,0,0,1,0,0,1,0,0,1,0,positive
438,0,0,1,0,1,0,0,1,0,1,0,0,0,0,1,0,1,0,1,0,0,1,0,0,positive
869,1,0,0,0,1,0,1,0,0,0,1,0,0,0,1,0,0,1,0,1,0,1,0,0,negative
843,0,0,1,0,1,0,0,0,1,0,1,0,0,1,0,0,1,0,0,0,1,1,0,0,negative
492,1,0,0,0,0,1,0,1,0,1,0,0,1,0,0,0,0,1,1,0,0,0,0,1,positive
313,0,0,1,0,1,0,0,0,1,1,0,0,1,0,0,1,0,0,0,1,0,0,0,1,positive
544,1,0,0,0,0,1,0,1,0,1,0,0,0,1,0,0,0,1,0,0,1,1,0,0,positive
776,1,0,0,0,1,0,1,0,0,0,1,0,1,0,0,0,0,1,0,0,1,1,0,0,negative
391,0,1,0,0,1,0,0,1,0,1,0,0,0,1,0,0,0,1,0,1,0,0,0,1,positive
805,1,0,0,0,1,0,1,0,0,1,0,0,0,1,0,0,0,1,0,0,1,1,0,0,negative
267,1,0,0,1,0,0,0,1,0,0,1,0,0,0,1,0,1,0,0,1,0,1,0,0,positive
121,0,1,0,1,0,0,1,0,0,1,0,0,0,1,0,0,1,0,1,0,0,1,0,0,positive
377,1,0,0,0,1,0,1,0,0,1,0,0,0,1,0,0,0,1,0,1,0,0,1,0,positive
170,0,1,0,1,0,0,1,0,0,0,1,0,0,1,0,0,1,0,0,0,1,1,0,0,positive
475,0,0,1,0,1,0,1,0,0,0,0,1,0,0,1,0,0,1,1,0,0,0,1,0,positive
143,1,0,0,1,0,0,0,0,1,1,0,0,0,1,0,0,0,1,0,0,1,0,1,0,positive
156,0,0,1,1,0,0,1,0,0,0,1,0,0,1,0,0,1,0,0,0,1,1,0,0,positive
177,1,0,0,1,0,0,0,1,0,0,1,0,0,1,0,0,0,1,0,1,0,1,0,0,positive
59,1,0,0,1,0,0,0,0,1,1,0,0,1,0,0,1,0,0,0,1,0,0,1,0,positive
693,1,0,0,1,0,0,1,0,0,0,1,0,0,1,0,0,0,1,0,0,1,0,1,0,negative
99,0,0,1,1,0,0,0,0,1,0,1,0,1,0,0,1,0,0,1,0,0,0,0,1,positive
901,0,1,0,0,0,1,1,0,0,0,1,0,1,0,0,1,0,0,0,0,1,1,0,0,negative
327,0,0,1,0,1,0,1,0,0,0,1,0,1,0,0,0,1,0,0,1,0,0,1,0,positive
578,0,0,1,0,0,1,1,0,0,0,0,1,0,1,0,0,0,1,0,1,0,0,1,0,positive
905,1,0,0,0,0,1,0,0,1,0,1,0,1,0,0,0,0,1,0,1,0,0,1,0,negative
938,1,0,0,0,0,1,1,0,0,0,1,0,0,0,1,0,0,1,0,0,1,0,1,0,negative
800,0,1,0,0,1,0,0,1,0,0,0,1,1,0,0,0,1,0,0,1,0,0,1,0,negative
875,0,0,1,0,1,0,0,1,0,0,0,1,0,0,1,0,0,1,0,1,0,0,1,0,negative
13,0,0,1,1,0,0,0,1,0,1,0,0,1,0,0,1,0,0,1,0,0,1,0,0,positive
516,1,0,0,0,0,1,0,0,1,0,1,0,1,0,0,1,0,0,0,1,0,1,0,0,positive
957,0,0,1,0,1,0,0,1,0,0,1,0,1,0,0,0,0,1,1,0,0,1,0,0,negative
299,0,0,1,0,1,0,0,1,0,1,0,0,1,0,0,0,0,1,1,0,0,1,0,0,positive
821,1,0,0,0,1,0,1,0,0,0,1,0,0,1,0,0,0,1,0,1,0,1,0,0,negative
724,1,0,0,1,0,0,1,0,0,0,1,0,0,0,1,0,1,0,0,1,0,0,1,0,negative
195,0,0,1,1,0,0,1,0,0,0,0,1,0,1,0,0,1,0,1,0,0,1,0,0,positive
12,0,1,0,1,0,0,1,0,0,1,0,0,1,0,0,1,0,0,1,0,0,0,0,1,positive
508,0,0,1,0,0,1,0,1,0,0,1,0,1,0,0,0,1,0,0,1,0,0,0,1,positive
241,0,0,1,1,0,0,1,0,0,0,1,0,0,0,1,0,0,1,0,0,1,0,1,0,positive
759,1,0,0,0,1,0,0,1,0,1,0,0,1,0,0,1,0,0,0,0,1,1,0,0,negative
227,0,1,0,1,0,0,1,0,0,1,0,0,0,0,1,1,0,0,1,0,0,1,0,0,positive
694,1,0,0,1,0,0,1,0,0,0,1,0,0,1,0,0,0,1,1,0,0,0,0,1,negative
198,1,0,0,1,0,0,1,0,0,0,0,1,0,1,0,1,0,0,0,1,0,1,0,0,positive
52,0,0,1,1,0,0,0,0,1,1,0,0,1,0,0,1,0,0,0,0,1,0,1,0,positive
608,0,1,0,0,0,1,0,0,1,1,0,0,0,0,1,0,0,1,1,0,0,0,1,0,positive
315,0,0,1,0,1,0,0,0,1,1,0,0,1,0,0,0,1,0,0,1,0,0,1,0,positive
849,1,0,0,0,1,0,1,0,0,0,0,1,0,1,0,0,0,1,1,0,0,1,0,0,negative
33,1,0,0,1,0,0,0,1,0,1,0,0,1,0,0,0,1,0,1,0,0,0,0,1,positive
358,0,1,0,0,1,0,0,1,0,0,0,1,1,0,0,1,0,0,0,1,0,1,0,0,positive
29,1,0,0,1,0,0,0,1,0,1,0,0,1,0,0,0,1,0,0,0,1,1,0,0,positive
248,1,0,0,1,0,0,1,0,0,0,1,0,0,0,1,0,0,1,1,0,0,1,0,0,positive
916,1,0,0,0,0,1,1,0,0,1,0,0,0,1,0,0,0,1,1,0,0,0,0,1,negative
754,0,0,1,0,1,0,0,1,0,1,0,0,1,0,0,0,1,0,0,0,1,0,1,0,negative
664,0,0,1,1,0,0,0,1,0,0,0,1,1,0,0,0,0,1,1,0,0,0,1,0,negative
652,1,0,0,1,0,0,0,0,1,0,1,0,1,0,0,0,0,1,0,1,0,0,1,0,negative
266,0,0,1,1,0,0,0,1,0,0,1,0,0,0,1,0,1,0,0,0,1,0,0,1,positive
500,0,0,1,0,0,1,1,0,0,0,1,0,1,0,0,1,0,0,0,1,0,0,1,0,positive
562,0,1,0,0,0,1,0,0,1,1,0,0,0,1,0,0,0,1,1,0,0,0,0,1,positive
556,0,0,1,0,0,1,0,0,1,1,0,0,0,1,0,0,1,0,1,0,0,1,0,0,positive
81,1,0,0,1,0,0,1,0,0,0,1,0,1,0,0,1,0,0,1,0,0,1,0,0,positive
817,0,0,1,0,1,0,1,0,0,0,1,0,0,1,0,0,1,0,0,0,1,1,0,0,negative
164,0,1,0,1,0,0,1,0,0,0,1,0,0,1,0,0,0,1,1,0,0,1,0,0,positive
547,0,1,0,0,0,1,0,1,0,1,0,0,0,1,0,0,0,1,1,0,0,1,0,0,positive
782,0,1,0,0,1,0,1,0,0,0,1,0,1,0,0,1,0,0,0,1,0,1,0,0,negative
737,1,0,0,1,0,0,0,1,0,0,0,1,0,0,1,1,0,0,0,1,0,1,0,0,negative
715,1,0,0,1,0,0,0,1,0,1,0,0,0,0,1,1,0,0,0,0,1,0,0,1,negative
925,1,0,0,0,0,1,1,0,0,0,0,1,0,1,0,0,0,1,1,0,0,1,0,0,negative
350,0,0,1,0,1,0,1,0,0,0,0,1,1,0,0,1,0,0,0,1,0,0,0,1,positive
111,0,0,1,1,0,0,0,1,0,0,0,1,1,0,0,0,1,0,1,0,0,0,1,0,positive
426,0,0,1,0,1,0,1,0,0,1,0,0,0,0,1,1,0,0,1,0,0,1,0,0,positive
329,1,0,0,0,1,0,1,0,0,0,1,0,1,0,0,1,0,0,0,1,0,1,0,0,positive
780,1,0,0,0,1,0,1,0,0,0,1,0,1,0,0,0,1,0,0,1,0,1,0,0,negative
614,0,0,1,0,0,1,1,0,0,0,1,0,0,0,1,0,0,1,0,0,1,0,0,1,positive
