Order,Length_1,Length_2,Length_3,Length_4,Rule_1,Rule_2,Rule_3,Rule_4,Decision_Class_1,Decision_Class_2,Decision_Class_3,Decision_Class_4
3,7,7,,,(middle-middle-square-o > 0.5) & (top-right-square-x > 0.5) & (bottom-right-square-x > 0.5) & (middle-right-square-x <= 0.5) & (middle-left-square-b <= 0.5) & (middle-right-square-b <= 0.5) & (bottom-middle-square-x <= 0.5),(middle-middle-square-o > 0.5) & (top-right-square-x > 0.5) & (bottom-right-square-x > 0.5) & (middle-right-square-x <= 0.5) & (middle-left-square-b <= 0.5) & (middle-right-square-o > 0.5) & (bottom-middle-square-x <= 0.5),,,positive,positive,,
7,10,,,,(middle-middle-square-o > 0.5) & (top-right-square-x > 0.5) & (bottom-right-square-x <= 0.5) & (top-left-square-x > 0.5) & (bottom-middle-square-b <= 0.5) & (middle-right-square-x <= 0.5) & (middle-left-square-o <= 0.5) & (middle-left-square-b <= 0.5) & (middle-right-square-o <= 0.5) & (bottom-right-square-b > 0.5),,,,positive,,,
11,8,9,,,(middle-middle-square-o <= 0.5) & (top-right-square-o <= 0.5) & (bottom-left-square-o > 0.5) & (top-left-square-o <= 0.5) & (bottom-middle-square-o <= 0.5) & (middle-left-square-x > 0.5) & (top-right-square-b <= 0.5) & (top-left-square-x > 0.5),(middle-middle-square-o <= 0.5) & (top-right-square-o <= 0.5) & (bottom-left-square-o > 0.5) & (top-left-square-o <= 0.5) & (bottom-right-square-o > 0.5) & (bottom-middle-square-o <= 0.5) & (middle-left-square-x > 0.5) & (top-left-square-b <= 0.5) & (middle-right-square-x <= 0.5),,,positive,positive,,
36,6,,,,(middle-middle-square-o <= 0.5) & (top-right-square-o <= 0.5) & (top-middle-square-x > 0.5) & (middle-right-square-x > 0.5) & (middle-left-square-x <= 0.5) & (bottom-middle-square-b > 0.5),,,,positive,,,
54,7,,,,(middle-middle-square-o > 0.5) & (top-right-square-x > 0.5) & (bottom-right-square-x <= 0.5) & (top-left-square-x > 0.5) & (bottom-middle-square-b <= 0.5) & (middle-right-square-x > 0.5) & (middle-left-square-o <= 0.5),,,,positive,,,
56,7,,,,(middle-middle-square-o > 0.5) & (top-right-square-x > 0.5) & (bottom-right-square-x <= 0.5) & (top-left-square-x > 0.5) & (bottom-middle-square-b <= 0.5) & (middle-right-square-x > 0.5) & (middle-left-square-o <= 0.5),,,,positive,,,
80,7,5,,,(middle-middle-square-o > 0.5) & (top-right-square-x <= 0.5) & (bottom-left-square-x > 0.5) & (top-middle-square-x > 0.5) & (top-right-square-b <= 0.5) & (middle-right-square-x > 0.5) & (bottom-middle-square-x <= 0.5),(middle-middle-square-o > 0.5) & (top-right-square-x <= 0.5) & (top-middle-square-x > 0.5) & (bottom-right-square-x <= 0.5) & (middle-right-square-b <= 0.5),,,positive,positive,,
82,5,,,,(middle-middle-square-o > 0.5) & (top-right-square-x <= 0.5) & (top-middle-square-x > 0.5) & (bottom-right-square-x <= 0.5) & (middle-right-square-b <= 0.5),,,,positive,,,
89,10,,,,(middle-middle-square-o <= 0.5) & (top-right-square-o > 0.5) & (top-left-square-o <= 0.5) & (middle-right-square-o > 0.5) & (bottom-middle-square-b <= 0.5) & (middle-left-square-o > 0.5) & (top-left-square-b <= 0.5) & (bottom-left-square-x > 0.5) & (top-middle-square-o <= 0.5) & (middle-middle-square-b <= 0.5),,,,positive,,,
92,6,,,,(middle-middle-square-o <= 0.5) & (top-right-square-o > 0.5) & (top-left-square-o <= 0.5) & (middle-right-square-o > 0.5) & (bottom-middle-square-b > 0.5) & (top-middle-square-x > 0.5),,,,positive,,,
98,9,6,,,(top-right-square-o > 0.5) & (middle-left-square-o <= 0.5) & (bottom-middle-square-o <= 0.5) & (bottom-right-square-o <= 0.5) & (middle-right-square-o > 0.5) & (top-middle-square-b <= 0.5) & (bottom-left-square-o > 0.5) & (top-left-square-o <= 0.5) & (bottom-right-square-b <= 0.5),(middle-middle-square-o <= 0.5) & (top-right-square-o > 0.5) & (top-left-square-o <= 0.5) & (middle-right-square-o > 0.5) & (bottom-middle-square-b > 0.5) & (top-middle-square-x > 0.5),,,positive,positive,,
102,5,6,5,,(top-right-square-o <= 0.5) & (top-middle-square-x > 0.5) & (top-left-square-x > 0.5) & (top-right-square-x <= 0.5) & (bottom-right-square-b > 0.5),(middle-middle-square-o > 0.5) & (top-right-square-x <= 0.5) & (bottom-left-square-x > 0.5) & (top-middle-square-x > 0.5) & (top-right-square-b > 0.5) & (middle-right-square-b <= 0.5),(middle-middle-square-o > 0.5) & (top-right-square-x <= 0.5) & (top-middle-square-x > 0.5) & (bottom-right-square-x <= 0.5) & (middle-right-square-b <= 0.5),,positive,positive,positive,
103,7,6,5,,(top-right-square-o <= 0.5) & (top-middle-square-x > 0.5) & (top-left-square-x > 0.5) & (top-right-square-x <= 0.5) & (bottom-right-square-b <= 0.5) & (middle-right-square-x <= 0.5) & (bottom-middle-square-b > 0.5),(middle-middle-square-o > 0.5) & (top-right-square-x <= 0.5) & (bottom-left-square-x > 0.5) & (top-middle-square-x > 0.5) & (top-right-square-b > 0.5) & (middle-right-square-b <= 0.5),(middle-middle-square-o > 0.5) & (top-right-square-x <= 0.5) & (top-middle-square-x > 0.5) & (bottom-right-square-x <= 0.5) & (middle-right-square-b <= 0.5),,positive,positive,positive,
106,5,,,,(top-right-square-o <= 0.5) & (top-middle-square-x > 0.5) & (top-left-square-x > 0.5) & (top-right-square-x <= 0.5) & (bottom-right-square-b > 0.5),,,,positive,,,
107,7,,,,(top-right-square-o <= 0.5) & (top-middle-square-x > 0.5) & (top-left-square-x > 0.5) & (top-right-square-x <= 0.5) & (bottom-right-square-b <= 0.5) & (middle-right-square-x <= 0.5) & (bottom-middle-square-b > 0.5),,,,positive,,,
112,10,,,,(top-right-square-o <= 0.5) & (top-middle-square-x > 0.5) & (top-left-square-x > 0.5) & (top-right-square-x <= 0.5) & (bottom-right-square-b <= 0.5) & (middle-right-square-x <= 0.5) & (bottom-middle-square-b <= 0.5) & (bottom-left-square-b <= 0.5) & (bottom-right-square-x <= 0.5) & (middle-left-square-b > 0.5),,,,positive,,,
152,9,,,,(middle-middle-square-o <= 0.5) & (top-right-square-o > 0.5) & (top-left-square-o <= 0.5) & (middle-right-square-o > 0.5) & (bottom-middle-square-b > 0.5) & (top-middle-square-x <= 0.5) & (top-left-square-x > 0.5) & (middle-middle-square-x > 0.5) & (bottom-left-square-x > 0.5),,,,positive,,,
153,9,13,,,(top-right-square-o > 0.5) & (middle-left-square-o <= 0.5) & (bottom-middle-square-o <= 0.5) & (bottom-right-square-o <= 0.5) & (middle-right-square-o > 0.5) & (top-middle-square-b <= 0.5) & (bottom-left-square-o > 0.5) & (top-left-square-o <= 0.5) & (bottom-right-square-b <= 0.5),(middle-middle-square-o <= 0.5) & (top-right-square-o > 0.5) & (top-left-square-o <= 0.5) & (middle-right-square-o > 0.5) & (bottom-middle-square-b <= 0.5) & (middle-left-square-o <= 0.5) & (bottom-middle-square-o <= 0.5) & (top-middle-square-b <= 0.5) & (top-left-square-x > 0.5) & (top-middle-square-x <= 0.5) & (middle-middle-square-b <= 0.5) & (bottom-left-square-x <= 0.5) & (middle-left-square-x > 0.5),,,positive,positive,,
180,8,,,,(top-right-square-o > 0.5) & (middle-left-square-o <= 0.5) & (bottom-middle-square-o > 0.5) & (bottom-right-square-b <= 0.5) & (top-middle-square-b <= 0.5) & (bottom-left-square-b > 0.5) & (top-left-square-b <= 0.5) & (middle-right-square-x > 0.5),,,,positive,,,
181,9,,,,(middle-middle-square-o <= 0.5) & (top-right-square-o > 0.5) & (top-left-square-o <= 0.5) & (middle-right-square-o > 0.5) & (bottom-middle-square-b > 0.5) & (top-middle-square-x <= 0.5) & (top-left-square-x > 0.5) & (middle-middle-square-x > 0.5) & (bottom-left-square-x > 0.5),,,,positive,,,
184,11,,,,(top-right-square-o > 0.5) & (middle-left-square-o <= 0.5) & (bottom-middle-square-o <= 0.5) & (bottom-right-square-o <= 0.5) & (middle-right-square-o <= 0.5) & (bottom-left-square-b <= 0.5) & (bottom-left-square-o > 0.5) & (top-left-square-o <= 0.5) & (top-middle-square-o > 0.5) & (bottom-middle-square-x > 0.5) & (bottom-right-square-x > 0.5),,,,positive,,,
185,7,,,,(top-right-square-o > 0.5) & (middle-left-square-o <= 0.5) & (bottom-middle-square-o <= 0.5) & (bottom-right-square-o <= 0.5) & (middle-right-square-o <= 0.5) & (bottom-left-square-b > 0.5) & (bottom-right-square-b <= 0.5),,,,positive,,,
190,8,,,,(top-right-square-o <= 0.5) & (top-middle-square-x <= 0.5) & (bottom-middle-square-b <= 0.5) & (bottom-left-square-x <= 0.5) & (bottom-right-square-x <= 0.5) & (top-left-square-x > 0.5) & (top-right-square-x <= 0.5) & (bottom-left-square-o <= 0.5),,,,positive,,,
194,9,,,,(top-right-square-o <= 0.5) & (top-middle-square-x <= 0.5) & (bottom-middle-square-b <= 0.5) & (bottom-left-square-x <= 0.5) & (bottom-right-square-x > 0.5) & (middle-right-square-x <= 0.5) & (top-left-square-x > 0.5) & (bottom-left-square-b > 0.5) & (middle-left-square-x > 0.5),,,,positive,,,
196,9,,,,(middle-middle-square-o <= 0.5) & (top-right-square-o <= 0.5) & (bottom-left-square-o > 0.5) & (top-left-square-o <= 0.5) & (bottom-middle-square-o > 0.5) & (top-middle-square-x <= 0.5) & (top-left-square-x > 0.5) & (middle-left-square-x > 0.5) & (middle-right-square-b > 0.5),,,,positive,,,
212,10,,,,(top-right-square-o <= 0.5) & (top-middle-square-x <= 0.5) & (bottom-middle-square-b <= 0.5) & (bottom-left-square-x > 0.5) & (middle-right-square-x <= 0.5) & (top-left-square-x > 0.5) & (middle-left-square-x <= 0.5) & (bottom-middle-square-x <= 0.5) & (bottom-right-square-x > 0.5) & (middle-right-square-b > 0.5),,,,positive,,,
218,11,,,,(top-right-square-o <= 0.5) & (top-middle-square-x <= 0.5) & (bottom-middle-square-b <= 0.5) & (bottom-left-square-x > 0.5) & (middle-right-square-x <= 0.5) & (top-left-square-x > 0.5) & (middle-left-square-x <= 0.5) & (bottom-middle-square-x <= 0.5) & (bottom-right-square-x > 0.5) & (middle-right-square-b <= 0.5) & (middle-left-square-b > 0.5),,,,positive,,,
224,8,,,,(middle-middle-square-o > 0.5) & (top-right-square-x > 0.5) & (bottom-left-square-o <= 0.5) & (top-left-square-x > 0.5) & (top-middle-square-x <= 0.5) & (bottom-middle-square-b <= 0.5) & (top-middle-square-o <= 0.5) & (middle-right-square-o > 0.5),,,,positive,,,
226,8,,,,(middle-middle-square-o > 0.5) & (top-right-square-x > 0.5) & (bottom-right-square-x <= 0.5) & (top-left-square-x > 0.5) & (top-middle-square-x <= 0.5) & (bottom-middle-square-b <= 0.5) & (middle-left-square-x > 0.5) & (middle-right-square-o <= 0.5),,,,positive,,,
230,7,,,,(top-right-square-o <= 0.5) & (top-middle-square-x <= 0.5) & (bottom-middle-square-b > 0.5) & (top-middle-square-o <= 0.5) & (middle-left-square-o > 0.5) & (middle-right-square-o > 0.5) & (bottom-right-square-x > 0.5),,,,positive,,,
232,11,,,,(middle-middle-square-o <= 0.5) & (top-right-square-o <= 0.5) & (top-middle-square-x <= 0.5) & (bottom-middle-square-x <= 0.5) & (bottom-right-square-o > 0.5) & (top-left-square-x > 0.5) & (bottom-middle-square-o > 0.5) & (middle-right-square-x <= 0.5) & (middle-middle-square-x > 0.5) & (top-middle-square-b > 0.5) & (middle-right-square-o <= 0.5),,,,positive,,,
234,8,,,,(top-right-square-o <= 0.5) & (top-middle-square-x <= 0.5) & (bottom-middle-square-b > 0.5) & (top-middle-square-o <= 0.5) & (middle-left-square-o > 0.5) & (middle-right-square-o <= 0.5) & (bottom-left-square-o > 0.5) & (top-right-square-x > 0.5),,,,positive,,,
236,10,,,,(middle-middle-square-o <= 0.5) & (top-right-square-o <= 0.5) & (bottom-left-square-o > 0.5) & (top-left-square-o <= 0.5) & (bottom-middle-square-o > 0.5) & (top-middle-square-x <= 0.5) & (top-left-square-x > 0.5) & (middle-left-square-x <= 0.5) & (middle-right-square-x > 0.5) & (top-middle-square-b > 0.5),,,,positive,,,
237,12,,,,(middle-middle-square-o <= 0.5) & (top-right-square-o <= 0.5) & (top-middle-square-x <= 0.5) & (bottom-middle-square-x <= 0.5) & (bottom-right-square-o > 0.5) & (top-left-square-x > 0.5) & (bottom-middle-square-o > 0.5) & (middle-right-square-x <= 0.5) & (middle-middle-square-x > 0.5) & (top-middle-square-b > 0.5) & (middle-right-square-o > 0.5) & (top-right-square-x > 0.5),,,,positive,,,
250,7,,,,(middle-middle-square-o > 0.5) & (top-right-square-x <= 0.5) & (top-middle-square-x <= 0.5) & (middle-right-square-x <= 0.5) & (top-middle-square-b > 0.5) & (bottom-middle-square-o <= 0.5) & (bottom-right-square-b > 0.5),,,,positive,,,
252,11,,,,(top-right-square-o > 0.5) & (middle-left-square-o <= 0.5) & (bottom-middle-square-o <= 0.5) & (bottom-right-square-o > 0.5) & (middle-right-square-o <= 0.5) & (bottom-middle-square-x > 0.5) & (bottom-left-square-b <= 0.5) & (top-middle-square-o <= 0.5) & (top-left-square-x > 0.5) & (middle-right-square-b > 0.5) & (middle-left-square-x > 0.5),,,,positive,,,
254,7,,,,(middle-middle-square-o > 0.5) & (top-right-square-x <= 0.5) & (top-middle-square-x <= 0.5) & (middle-right-square-x <= 0.5) & (top-middle-square-b > 0.5) & (bottom-middle-square-o <= 0.5) & (bottom-right-square-b > 0.5),,,,positive,,,
262,9,,,,(middle-middle-square-o <= 0.5) & (top-right-square-o > 0.5) & (top-left-square-o <= 0.5) & (middle-right-square-o > 0.5) & (bottom-middle-square-b > 0.5) & (top-middle-square-x <= 0.5) & (top-left-square-x > 0.5) & (middle-middle-square-x > 0.5) & (bottom-left-square-x > 0.5),,,,positive,,,
269,8,,,,(top-right-square-o > 0.5) & (middle-left-square-o <= 0.5) & (bottom-middle-square-o > 0.5) & (bottom-right-square-b <= 0.5) & (top-middle-square-b > 0.5) & (bottom-left-square-o > 0.5) & (top-left-square-x > 0.5) & (middle-right-square-x > 0.5),,,,positive,,,
270,10,,,,(middle-middle-square-o <= 0.5) & (top-right-square-o > 0.5) & (top-left-square-o <= 0.5) & (middle-right-square-o > 0.5) & (bottom-middle-square-b <= 0.5) & (middle-left-square-o <= 0.5) & (bottom-middle-square-o > 0.5) & (top-left-square-x > 0.5) & (middle-left-square-b > 0.5) & (bottom-left-square-b <= 0.5),,,,positive,,,
275,12,,,,(middle-middle-square-o > 0.5) & (top-right-square-x <= 0.5) & (top-middle-square-x <= 0.5) & (middle-right-square-x <= 0.5) & (top-middle-square-b > 0.5) & (bottom-middle-square-o <= 0.5) & (bottom-right-square-b <= 0.5) & (top-left-square-o <= 0.5) & (bottom-right-square-o <= 0.5) & (top-left-square-x > 0.5) & (top-right-square-o > 0.5) & (middle-left-square-b > 0.5),,,,positive,,,
281,7,,,,(middle-middle-square-o > 0.5) & (top-right-square-x <= 0.5) & (top-middle-square-x <= 0.5) & (middle-right-square-x <= 0.5) & (top-middle-square-b > 0.5) & (bottom-middle-square-o <= 0.5) & (bottom-right-square-b > 0.5),,,,positive,,,
287,10,,,,(middle-middle-square-o <= 0.5) & (top-right-square-o <= 0.5) & (bottom-left-square-o > 0.5) & (top-left-square-o <= 0.5) & (bottom-middle-square-o > 0.5) & (top-middle-square-x <= 0.5) & (top-left-square-x > 0.5) & (middle-left-square-x <= 0.5) & (middle-right-square-x > 0.5) & (top-middle-square-b > 0.5),,,,positive,,,
290,7,,,,(top-right-square-o <= 0.5) & (top-middle-square-x <= 0.5) & (bottom-middle-square-b > 0.5) & (top-middle-square-o <= 0.5) & (middle-left-square-o > 0.5) & (middle-right-square-o > 0.5) & (bottom-right-square-x > 0.5),,,,positive,,,
300,12,,,,(top-right-square-o <= 0.5) & (top-middle-square-x > 0.5) & (top-left-square-x <= 0.5) & (bottom-middle-square-b <= 0.5) & (middle-left-square-x <= 0.5) & (top-left-square-o > 0.5) & (top-right-square-b <= 0.5) & (middle-left-square-b <= 0.5) & (bottom-right-square-o > 0.5) & (bottom-middle-square-o <= 0.5) & (middle-right-square-x <= 0.5) & (bottom-left-square-x > 0.5),,,,positive,,,
301,9,7,,,(top-right-square-o <= 0.5) & (top-middle-square-x > 0.5) & (top-left-square-x <= 0.5) & (bottom-middle-square-b <= 0.5) & (middle-left-square-x <= 0.5) & (top-left-square-o > 0.5) & (top-right-square-b <= 0.5) & (middle-left-square-b <= 0.5) & (bottom-right-square-o <= 0.5),(middle-middle-square-o <= 0.5) & (top-right-square-o <= 0.5) & (top-middle-square-x > 0.5) & (middle-right-square-x <= 0.5) & (bottom-right-square-x > 0.5) & (top-left-square-o > 0.5) & (top-right-square-b <= 0.5),,,positive,positive,,
303,9,,,,(top-right-square-o <= 0.5) & (top-middle-square-x > 0.5) & (top-left-square-x <= 0.5) & (bottom-middle-square-b <= 0.5) & (middle-left-square-x <= 0.5) & (top-left-square-o > 0.5) & (top-right-square-b <= 0.5) & (middle-left-square-b <= 0.5) & (bottom-right-square-o <= 0.5),,,,positive,,,
304,9,10,,,(top-right-square-o <= 0.5) & (top-middle-square-x > 0.5) & (top-left-square-x <= 0.5) & (bottom-middle-square-b <= 0.5) & (middle-left-square-x <= 0.5) & (top-left-square-o > 0.5) & (top-right-square-b <= 0.5) & (middle-left-square-b <= 0.5) & (bottom-right-square-o <= 0.5),(middle-middle-square-o <= 0.5) & (top-right-square-o <= 0.5) & (top-middle-square-x > 0.5) & (middle-right-square-x <= 0.5) & (bottom-right-square-x <= 0.5) & (bottom-middle-square-x <= 0.5) & (top-right-square-b <= 0.5) & (top-left-square-x <= 0.5) & (middle-right-square-b > 0.5) & (bottom-right-square-b > 0.5),,,positive,positive,,
305,5,,,,(top-right-square-o <= 0.5) & (top-middle-square-x > 0.5) & (top-left-square-x <= 0.5) & (bottom-middle-square-b > 0.5) & (middle-right-square-b > 0.5),,,,positive,,,
307,9,8,,,(top-right-square-o <= 0.5) & (top-middle-square-x > 0.5) & (top-left-square-x <= 0.5) & (bottom-middle-square-b <= 0.5) & (middle-left-square-x <= 0.5) & (top-left-square-o > 0.5) & (top-right-square-b <= 0.5) & (middle-left-square-b <= 0.5) & (bottom-right-square-o <= 0.5),(middle-middle-square-o > 0.5) & (top-right-square-x > 0.5) & (bottom-right-square-x > 0.5) & (bottom-left-square-o <= 0.5) & (top-left-square-x <= 0.5) & (middle-left-square-b <= 0.5) & (top-middle-square-x > 0.5) & (bottom-left-square-b <= 0.5),,,positive,positive,,
309,9,,,,(top-right-square-o <= 0.5) & (top-middle-square-x > 0.5) & (top-left-square-x <= 0.5) & (bottom-middle-square-b <= 0.5) & (middle-left-square-x <= 0.5) & (top-left-square-o > 0.5) & (top-right-square-b <= 0.5) & (middle-left-square-b <= 0.5) & (bottom-right-square-o <= 0.5),,,,positive,,,
314,10,,,,(top-right-square-o <= 0.5) & (top-middle-square-x > 0.5) & (top-left-square-x <= 0.5) & (bottom-middle-square-b <= 0.5) & (middle-left-square-x <= 0.5) & (top-left-square-o > 0.5) & (top-right-square-b <= 0.5) & (middle-left-square-b > 0.5) & (bottom-right-square-o > 0.5) & (bottom-left-square-x > 0.5),,,,positive,,,
322,12,10,,,(top-right-square-o > 0.5) & (middle-left-square-o <= 0.5) & (bottom-middle-square-o <= 0.5) & (bottom-right-square-o <= 0.5) & (middle-right-square-o <= 0.5) & (bottom-left-square-b <= 0.5) & (bottom-left-square-o > 0.5) & (top-left-square-o > 0.5) & (top-middle-square-o <= 0.5) & (top-middle-square-b <= 0.5) & (middle-left-square-x > 0.5) & (middle-right-square-x > 0.5),(middle-middle-square-o <= 0.5) & (top-right-square-o > 0.5) & (top-left-square-o > 0.5) & (top-middle-square-o <= 0.5) & (bottom-left-square-b <= 0.5) & (middle-left-square-b <= 0.5) & (top-middle-square-x > 0.5) & (middle-middle-square-x > 0.5) & (bottom-middle-square-x <= 0.5) & (bottom-middle-square-o <= 0.5),,,positive,positive,,
333,8,,,,(middle-middle-square-o <= 0.5) & (top-right-square-o > 0.5) & (top-left-square-o > 0.5) & (middle-middle-square-b <= 0.5) & (bottom-left-square-x > 0.5) & (bottom-right-square-o <= 0.5) & (bottom-middle-square-x > 0.5) & (bottom-right-square-b > 0.5),,,,positive,,,
336,8,8,,,(middle-middle-square-o <= 0.5) & (top-right-square-o > 0.5) & (top-left-square-o > 0.5) & (top-middle-square-o <= 0.5) & (middle-right-square-o <= 0.5) & (middle-left-square-o > 0.5) & (bottom-middle-square-x > 0.5) & (middle-middle-square-x <= 0.5),(middle-middle-square-o <= 0.5) & (top-right-square-o > 0.5) & (top-left-square-o > 0.5) & (top-middle-square-o <= 0.5) & (bottom-left-square-b <= 0.5) & (middle-left-square-b <= 0.5) & (top-middle-square-x > 0.5) & (middle-middle-square-x <= 0.5),,,positive,positive,,
339,8,,,,(middle-middle-square-o <= 0.5) & (top-right-square-o > 0.5) & (top-left-square-o > 0.5) & (middle-middle-square-b <= 0.5) & (bottom-left-square-x > 0.5) & (bottom-right-square-o <= 0.5) & (bottom-middle-square-x > 0.5) & (bottom-right-square-b > 0.5),,,,positive,,,
359,9,8,,,(top-right-square-o <= 0.5) & (top-middle-square-x > 0.5) & (top-left-square-x <= 0.5) & (bottom-middle-square-b <= 0.5) & (middle-left-square-x <= 0.5) & (top-left-square-o > 0.5) & (top-right-square-b > 0.5) & (bottom-left-square-o > 0.5) & (bottom-right-square-b <= 0.5),(middle-middle-square-o <= 0.5) & (top-right-square-o <= 0.5) & (top-middle-square-x > 0.5) & (middle-right-square-x > 0.5) & (middle-left-square-x <= 0.5) & (bottom-middle-square-b <= 0.5) & (middle-left-square-b > 0.5) & (bottom-right-square-o > 0.5),,,positive,positive,,
361,9,9,8,,(top-right-square-o <= 0.5) & (top-middle-square-x > 0.5) & (top-left-square-x <= 0.5) & (bottom-middle-square-b <= 0.5) & (middle-left-square-x <= 0.5) & (top-left-square-o > 0.5) & (top-right-square-b > 0.5) & (bottom-left-square-o > 0.5) & (bottom-right-square-b <= 0.5),(middle-middle-square-o <= 0.5) & (top-right-square-o <= 0.5) & (bottom-left-square-o > 0.5) & (top-left-square-o > 0.5) & (middle-left-square-o <= 0.5) & (bottom-middle-square-o <= 0.5) & (bottom-right-square-x > 0.5) & (bottom-middle-square-b <= 0.5) & (middle-middle-square-x > 0.5),(middle-middle-square-o <= 0.5) & (top-right-square-o <= 0.5) & (bottom-left-square-o > 0.5) & (top-left-square-o > 0.5) & (middle-left-square-o <= 0.5) & (bottom-middle-square-o <= 0.5) & (middle-right-square-o > 0.5) & (bottom-right-square-x > 0.5),,positive,positive,positive,
365,6,,,,(middle-middle-square-o > 0.5) & (top-right-square-x <= 0.5) & (bottom-left-square-x > 0.5) & (top-middle-square-x > 0.5) & (top-right-square-b > 0.5) & (middle-right-square-b <= 0.5),,,,positive,,,
375,10,,,,(top-right-square-o <= 0.5) & (top-middle-square-x <= 0.5) & (bottom-middle-square-b <= 0.5) & (bottom-left-square-x > 0.5) & (middle-right-square-x <= 0.5) & (top-left-square-x <= 0.5) & (middle-left-square-x > 0.5) & (middle-right-square-b > 0.5) & (bottom-right-square-o <= 0.5) & (bottom-middle-square-o > 0.5),,,,positive,,,
382,7,,,,(top-right-square-o <= 0.5) & (top-middle-square-x <= 0.5) & (bottom-middle-square-b <= 0.5) & (bottom-left-square-x > 0.5) & (middle-right-square-x > 0.5) & (bottom-middle-square-o <= 0.5) & (bottom-right-square-o > 0.5),,,,positive,,,
384,10,,,,(top-right-square-o <= 0.5) & (top-middle-square-x <= 0.5) & (bottom-middle-square-b > 0.5) & (top-middle-square-o > 0.5) & (bottom-left-square-x > 0.5) & (top-right-square-x > 0.5) & (middle-left-square-b <= 0.5) & (top-left-square-b <= 0.5) & (middle-right-square-x > 0.5) & (bottom-right-square-x <= 0.5),,,,positive,,,
430,7,8,,,(middle-middle-square-o > 0.5) & (top-right-square-x > 0.5) & (bottom-left-square-o <= 0.5) & (top-left-square-x <= 0.5) & (middle-right-square-x > 0.5) & (middle-left-square-x > 0.5) & (bottom-middle-square-b <= 0.5),(middle-middle-square-o > 0.5) & (top-right-square-x > 0.5) & (bottom-right-square-x > 0.5) & (bottom-left-square-o <= 0.5) & (top-left-square-x <= 0.5) & (middle-left-square-b <= 0.5) & (top-middle-square-x <= 0.5) & (bottom-middle-square-o > 0.5),,,positive,positive,,
435,10,8,,,(top-right-square-o <= 0.5) & (top-middle-square-x <= 0.5) & (bottom-middle-square-b <= 0.5) & (bottom-left-square-x > 0.5) & (middle-right-square-x <= 0.5) & (top-left-square-x <= 0.5) & (middle-left-square-x <= 0.5) & (bottom-right-square-b > 0.5) & (top-middle-square-b > 0.5) & (bottom-middle-square-o <= 0.5),(middle-middle-square-o <= 0.5) & (top-right-square-o <= 0.5) & (top-middle-square-x <= 0.5) & (bottom-middle-square-x > 0.5) & (top-middle-square-b > 0.5) & (middle-right-square-o > 0.5) & (top-right-square-x > 0.5) & (middle-middle-square-b <= 0.5),,,positive,positive,,
436,7,,,,(top-right-square-o <= 0.5) & (top-middle-square-x <= 0.5) & (bottom-middle-square-b > 0.5) & (top-middle-square-o <= 0.5) & (middle-left-square-o > 0.5) & (middle-right-square-o > 0.5) & (bottom-right-square-x > 0.5),,,,positive,,,
448,8,,,,(middle-middle-square-o <= 0.5) & (top-right-square-o <= 0.5) & (top-middle-square-x <= 0.5) & (bottom-middle-square-x > 0.5) & (top-middle-square-b > 0.5) & (middle-right-square-o > 0.5) & (top-right-square-x > 0.5) & (middle-middle-square-b <= 0.5),,,,positive,,,
455,9,,,,(top-right-square-o <= 0.5) & (top-middle-square-x <= 0.5) & (bottom-middle-square-b > 0.5) & (top-middle-square-o <= 0.5) & (middle-left-square-o <= 0.5) & (bottom-left-square-o <= 0.5) & (middle-right-square-x > 0.5) & (bottom-left-square-b > 0.5) & (top-right-square-x > 0.5),,,,positive,,,
466,9,8,,,(middle-middle-square-o > 0.5) & (top-right-square-x <= 0.5) & (bottom-left-square-x > 0.5) & (top-middle-square-x <= 0.5) & (bottom-middle-square-o <= 0.5) & (top-left-square-o > 0.5) & (middle-left-square-x > 0.5) & (middle-right-square-x <= 0.5) & (top-middle-square-b > 0.5),(middle-middle-square-o > 0.5) & (top-right-square-x <= 0.5) & (top-middle-square-x <= 0.5) & (middle-right-square-x <= 0.5) & (top-middle-square-b > 0.5) & (bottom-middle-square-o <= 0.5) & (bottom-right-square-b <= 0.5) & (top-left-square-o > 0.5),,,positive,positive,,
469,8,5,,,(middle-middle-square-o <= 0.5) & (top-right-square-o > 0.5) & (top-left-square-o > 0.5) & (top-middle-square-o <= 0.5) & (middle-right-square-o <= 0.5) & (middle-left-square-o > 0.5) & (bottom-middle-square-x > 0.5) & (middle-middle-square-x <= 0.5),(middle-middle-square-o <= 0.5) & (top-right-square-o > 0.5) & (top-left-square-o > 0.5) & (middle-middle-square-b > 0.5) & (middle-right-square-x > 0.5),,,positive,positive,,
479,10,9,8,,(top-right-square-o <= 0.5) & (top-middle-square-x <= 0.5) & (bottom-middle-square-b <= 0.5) & (bottom-left-square-x > 0.5) & (middle-right-square-x <= 0.5) & (top-left-square-x <= 0.5) & (middle-left-square-x > 0.5) & (middle-right-square-b <= 0.5) & (top-middle-square-b > 0.5) & (bottom-middle-square-o <= 0.5),(middle-middle-square-o > 0.5) & (top-right-square-x <= 0.5) & (bottom-left-square-x > 0.5) & (top-middle-square-x <= 0.5) & (bottom-middle-square-o <= 0.5) & (top-left-square-o > 0.5) & (middle-left-square-x > 0.5) & (middle-right-square-x <= 0.5) & (top-middle-square-b > 0.5),(middle-middle-square-o > 0.5) & (top-right-square-x <= 0.5) & (top-middle-square-x <= 0.5) & (middle-right-square-x <= 0.5) & (top-middle-square-b > 0.5) & (bottom-middle-square-o <= 0.5) & (bottom-right-square-b <= 0.5) & (top-left-square-o > 0.5),,positive,positive,positive,
482,7,,,,(middle-middle-square-o <= 0.5) & (top-right-square-o <= 0.5) & (top-middle-square-x <= 0.5) & (bottom-middle-square-x > 0.5) & (top-middle-square-b > 0.5) & (middle-right-square-o <= 0.5) & (bottom-right-square-o <= 0.5),,,,positive,,,
483,10,8,,,(middle-middle-square-o > 0.5) & (top-right-square-x <= 0.5) & (bottom-left-square-x > 0.5) & (top-middle-square-x <= 0.5) & (bottom-middle-square-o <= 0.5) & (top-left-square-o > 0.5) & (middle-left-square-x <= 0.5) & (top-right-square-b > 0.5) & (top-middle-square-o <= 0.5) & (middle-left-square-b > 0.5),(middle-middle-square-o > 0.5) & (top-right-square-x <= 0.5) & (top-middle-square-x <= 0.5) & (middle-right-square-x <= 0.5) & (top-middle-square-b > 0.5) & (bottom-middle-square-o <= 0.5) & (bottom-right-square-b <= 0.5) & (top-left-square-o > 0.5),,,positive,positive,,
509,6,,,,(middle-middle-square-o > 0.5) & (top-right-square-x <= 0.5) & (top-middle-square-x > 0.5) & (bottom-right-square-x > 0.5) & (top-left-square-o <= 0.5) & (middle-right-square-o <= 0.5),,,,positive,,,
511,13,,,,(top-right-square-o > 0.5) & (middle-left-square-o <= 0.5) & (bottom-middle-square-o <= 0.5) & (bottom-right-square-o > 0.5) & (middle-right-square-o <= 0.5) & (bottom-middle-square-x > 0.5) & (bottom-left-square-b <= 0.5) & (top-middle-square-o <= 0.5) & (top-left-square-x <= 0.5) & (bottom-left-square-o > 0.5) & (top-left-square-b > 0.5) & (top-middle-square-x > 0.5) & (middle-right-square-x > 0.5),,,,positive,,,
512,9,,,,(top-right-square-o > 0.5) & (middle-left-square-o <= 0.5) & (bottom-middle-square-o <= 0.5) & (bottom-right-square-o <= 0.5) & (middle-right-square-o > 0.5) & (top-middle-square-b <= 0.5) & (bottom-left-square-o > 0.5) & (top-left-square-o <= 0.5) & (bottom-right-square-b <= 0.5),,,,positive,,,
529,11,,,,(top-right-square-o <= 0.5) & (top-middle-square-x <= 0.5) & (bottom-middle-square-b <= 0.5) & (bottom-left-square-x <= 0.5) & (bottom-right-square-x <= 0.5) & (top-left-square-x <= 0.5) & (middle-left-square-x > 0.5) & (top-right-square-x > 0.5) & (bottom-middle-square-x <= 0.5) & (top-left-square-o <= 0.5) & (bottom-left-square-b > 0.5),,,,positive,,,
593,8,,,,(middle-middle-square-o <= 0.5) & (top-right-square-o <= 0.5) & (top-middle-square-x <= 0.5) & (bottom-middle-square-x > 0.5) & (top-middle-square-b > 0.5) & (middle-right-square-o > 0.5) & (top-right-square-x > 0.5) & (middle-middle-square-b <= 0.5),,,,positive,,,
598,8,,,,(middle-middle-square-o > 0.5) & (top-right-square-x > 0.5) & (bottom-right-square-x > 0.5) & (bottom-left-square-o <= 0.5) & (top-left-square-x <= 0.5) & (middle-left-square-b <= 0.5) & (top-middle-square-x <= 0.5) & (bottom-middle-square-o > 0.5),,,,positive,,,
600,10,,,,(middle-middle-square-o > 0.5) & (top-right-square-x > 0.5) & (bottom-right-square-x > 0.5) & (bottom-left-square-o <= 0.5) & (top-left-square-x <= 0.5) & (middle-left-square-b <= 0.5) & (top-middle-square-x <= 0.5) & (bottom-middle-square-o <= 0.5) & (top-middle-square-b > 0.5) & (top-left-square-b > 0.5),,,,positive,,,
601,8,,,,(top-right-square-o <= 0.5) & (top-middle-square-x <= 0.5) & (bottom-middle-square-b > 0.5) & (top-middle-square-o <= 0.5) & (middle-left-square-o > 0.5) & (middle-right-square-o <= 0.5) & (bottom-left-square-o > 0.5) & (top-right-square-x > 0.5),,,,positive,,,
612,10,,,,(top-right-square-o > 0.5) & (middle-left-square-o <= 0.5) & (bottom-middle-square-o <= 0.5) & (bottom-right-square-o <= 0.5) & (middle-right-square-o <= 0.5) & (bottom-left-square-b <= 0.5) & (bottom-left-square-o > 0.5) & (top-left-square-o <= 0.5) & (top-middle-square-o <= 0.5) & (middle-left-square-x > 0.5),,,,positive,,,
620,9,,,,(middle-middle-square-o <= 0.5) & (top-right-square-o > 0.5) & (top-left-square-o <= 0.5) & (middle-right-square-o > 0.5) & (bottom-middle-square-b <= 0.5) & (middle-left-square-o <= 0.5) & (bottom-middle-square-o <= 0.5) & (top-middle-square-b > 0.5) & (bottom-left-square-o <= 0.5),,,,positive,,,
628,8,9,10,,(top-right-square-o > 0.5) & (middle-left-square-o <= 0.5) & (bottom-middle-square-o > 0.5) & (bottom-right-square-b <= 0.5) & (top-middle-square-b <= 0.5) & (bottom-left-square-b > 0.5) & (top-left-square-b <= 0.5) & (middle-right-square-x <= 0.5),(middle-middle-square-o <= 0.5) & (top-right-square-o > 0.5) & (top-left-square-o <= 0.5) & (middle-right-square-o > 0.5) & (bottom-middle-square-b <= 0.5) & (middle-left-square-o <= 0.5) & (bottom-middle-square-o > 0.5) & (top-left-square-x > 0.5) & (middle-left-square-b <= 0.5),(middle-middle-square-o <= 0.5) & (top-right-square-o > 0.5) & (top-left-square-o <= 0.5) & (bottom-right-square-o > 0.5) & (middle-left-square-b <= 0.5) & (top-middle-square-o <= 0.5) & (middle-middle-square-x > 0.5) & (top-left-square-x > 0.5) & (bottom-left-square-b > 0.5) & (bottom-middle-square-b <= 0.5),,negative,negative,negative,
630,4,,,,(top-right-square-o > 0.5) & (middle-left-square-o <= 0.5) & (bottom-middle-square-o > 0.5) & (bottom-right-square-b > 0.5),,,,negative,,,
631,7,,,,(top-right-square-o > 0.5) & (middle-left-square-o <= 0.5) & (bottom-middle-square-o <= 0.5) & (bottom-right-square-o > 0.5) & (middle-right-square-o <= 0.5) & (bottom-middle-square-x <= 0.5) & (top-left-square-o <= 0.5),,,,negative,,,
637,7,,,,(middle-middle-square-o > 0.5) & (top-right-square-x <= 0.5) & (top-middle-square-x > 0.5) & (bottom-right-square-x <= 0.5) & (middle-right-square-b > 0.5) & (bottom-middle-square-x <= 0.5) & (top-left-square-o <= 0.5),,,,negative,,,
643,9,,,,(top-right-square-o > 0.5) & (middle-left-square-o > 0.5) & (middle-right-square-b <= 0.5) & (top-left-square-b <= 0.5) & (bottom-right-square-x > 0.5) & (top-left-square-x > 0.5) & (middle-right-square-x > 0.5) & (top-middle-square-o <= 0.5) & (bottom-middle-square-b > 0.5),,,,negative,,,
645,7,7,,,(top-right-square-o > 0.5) & (middle-left-square-o > 0.5) & (middle-right-square-b <= 0.5) & (top-left-square-b <= 0.5) & (bottom-right-square-x > 0.5) & (top-left-square-x > 0.5) & (middle-right-square-x <= 0.5),(middle-middle-square-o > 0.5) & (top-right-square-x <= 0.5) & (bottom-left-square-x > 0.5) & (top-middle-square-x > 0.5) & (top-right-square-b <= 0.5) & (middle-right-square-x <= 0.5) & (bottom-middle-square-x <= 0.5),,,negative,negative,,
646,7,,,,(top-right-square-o > 0.5) & (middle-left-square-o > 0.5) & (middle-right-square-b <= 0.5) & (top-left-square-b <= 0.5) & (bottom-right-square-x > 0.5) & (top-left-square-x > 0.5) & (middle-right-square-x <= 0.5),,,,negative,,,
653,11,,,,(top-right-square-o > 0.5) & (middle-left-square-o <= 0.5) & (bottom-middle-square-o > 0.5) & (bottom-right-square-b <= 0.5) & (top-middle-square-b <= 0.5) & (bottom-left-square-b <= 0.5) & (top-left-square-x > 0.5) & (bottom-right-square-x > 0.5) & (middle-right-square-o <= 0.5) & (middle-right-square-x > 0.5) & (bottom-left-square-x <= 0.5),,,,negative,,,
657,12,,,,(top-right-square-o > 0.5) & (middle-left-square-o <= 0.5) & (bottom-middle-square-o <= 0.5) & (bottom-right-square-o <= 0.5) & (middle-right-square-o <= 0.5) & (bottom-left-square-b <= 0.5) & (bottom-left-square-o > 0.5) & (top-left-square-o <= 0.5) & (top-middle-square-o <= 0.5) & (middle-left-square-x <= 0.5) & (middle-right-square-x <= 0.5) & (bottom-right-square-b > 0.5),,,,negative,,,
661,12,9,8,,(top-right-square-o <= 0.5) & (top-middle-square-x > 0.5) & (top-left-square-x > 0.5) & (top-right-square-x <= 0.5) & (bottom-right-square-b <= 0.5) & (middle-right-square-x <= 0.5) & (bottom-middle-square-b <= 0.5) & (bottom-left-square-b <= 0.5) & (bottom-right-square-x <= 0.5) & (middle-left-square-b <= 0.5) & (middle-right-square-o > 0.5) & (bottom-middle-square-x <= 0.5),(middle-middle-square-o <= 0.5) & (top-right-square-o <= 0.5) & (bottom-left-square-o > 0.5) & (top-left-square-o <= 0.5) & (bottom-middle-square-o > 0.5) & (top-middle-square-x > 0.5) & (top-left-square-b <= 0.5) & (top-right-square-b > 0.5) & (middle-right-square-o > 0.5),(middle-middle-square-o <= 0.5) & (top-right-square-o <= 0.5) & (top-middle-square-x > 0.5) & (middle-right-square-x <= 0.5) & (bottom-right-square-x <= 0.5) & (bottom-middle-square-x <= 0.5) & (top-right-square-b > 0.5) & (middle-right-square-b <= 0.5),,negative,negative,negative,
668,10,,,,(top-right-square-o <= 0.5) & (top-middle-square-x > 0.5) & (top-left-square-x > 0.5) & (top-right-square-x <= 0.5) & (bottom-right-square-b <= 0.5) & (middle-right-square-x <= 0.5) & (bottom-middle-square-b <= 0.5) & (bottom-left-square-b <= 0.5) & (bottom-right-square-x > 0.5) & (bottom-left-square-x <= 0.5),,,,negative,,,
677,10,5,6,9,(top-right-square-o <= 0.5) & (top-middle-square-x <= 0.5) & (bottom-middle-square-b <= 0.5) & (bottom-left-square-x <= 0.5) & (bottom-right-square-x > 0.5) & (middle-right-square-x <= 0.5) & (top-left-square-x > 0.5) & (bottom-left-square-b <= 0.5) & (middle-left-square-x > 0.5) & (bottom-middle-square-o > 0.5),(middle-middle-square-o > 0.5) & (top-right-square-x > 0.5) & (bottom-left-square-o > 0.5) & (middle-left-square-x > 0.5) & (middle-right-square-b > 0.5),(middle-middle-square-o > 0.5) & (top-right-square-x > 0.5) & (bottom-right-square-x > 0.5) & (bottom-left-square-o > 0.5) & (middle-left-square-x > 0.5) & (bottom-middle-square-x <= 0.5),(middle-middle-square-o > 0.5) & (top-right-square-x > 0.5) & (bottom-right-square-x > 0.5) & (middle-right-square-x <= 0.5) & (middle-left-square-b <= 0.5) & (middle-right-square-o <= 0.5) & (bottom-middle-square-o > 0.5) & (bottom-left-square-x <= 0.5) & (top-left-square-x > 0.5),negative,negative,negative,negative
680,9,9,,,(top-right-square-o <= 0.5) & (top-middle-square-x <= 0.5) & (bottom-middle-square-b <= 0.5) & (bottom-left-square-x > 0.5) & (middle-right-square-x > 0.5) & (bottom-middle-square-o > 0.5) & (top-right-square-b <= 0.5) & (top-left-square-x > 0.5) & (middle-left-square-b <= 0.5),(middle-middle-square-o > 0.5) & (top-right-square-x > 0.5) & (bottom-right-square-x <= 0.5) & (top-left-square-x > 0.5) & (bottom-middle-square-b <= 0.5) & (middle-right-square-x > 0.5) & (middle-left-square-o > 0.5) & (bottom-left-square-x > 0.5) & (bottom-middle-square-o > 0.5),,,negative,negative,,
689,9,8,,,(top-right-square-o <= 0.5) & (top-middle-square-x <= 0.5) & (bottom-middle-square-b <= 0.5) & (bottom-left-square-x > 0.5) & (middle-right-square-x <= 0.5) & (top-left-square-x > 0.5) & (middle-left-square-x <= 0.5) & (bottom-middle-square-x <= 0.5) & (bottom-right-square-x <= 0.5),(middle-middle-square-o > 0.5) & (top-right-square-x > 0.5) & (bottom-right-square-x <= 0.5) & (top-left-square-x > 0.5) & (bottom-middle-square-b <= 0.5) & (middle-right-square-x <= 0.5) & (middle-left-square-o <= 0.5) & (middle-left-square-b > 0.5),,,negative,negative,,
695,6,,,,(middle-middle-square-o > 0.5) & (top-right-square-x <= 0.5) & (top-middle-square-x <= 0.5) & (middle-right-square-x <= 0.5) & (top-middle-square-b <= 0.5) & (bottom-middle-square-o <= 0.5),,,,negative,,,
708,9,,,,(middle-middle-square-o <= 0.5) & (top-right-square-o <= 0.5) & (top-middle-square-x <= 0.5) & (bottom-middle-square-x <= 0.5) & (bottom-right-square-o > 0.5) & (top-left-square-x > 0.5) & (bottom-middle-square-o > 0.5) & (middle-right-square-x <= 0.5) & (middle-middle-square-x <= 0.5),,,,negative,,,
709,10,,,,(middle-middle-square-o <= 0.5) & (top-right-square-o <= 0.5) & (top-middle-square-x <= 0.5) & (bottom-middle-square-x <= 0.5) & (bottom-right-square-o > 0.5) & (top-left-square-x > 0.5) & (bottom-middle-square-o > 0.5) & (middle-right-square-x > 0.5) & (middle-left-square-b <= 0.5) & (middle-middle-square-x > 0.5),,,,negative,,,
711,11,,,,(top-right-square-o <= 0.5) & (top-middle-square-x <= 0.5) & (bottom-middle-square-b <= 0.5) & (bottom-left-square-x > 0.5) & (middle-right-square-x <= 0.5) & (top-left-square-x > 0.5) & (middle-left-square-x <= 0.5) & (bottom-middle-square-x <= 0.5) & (bottom-right-square-x > 0.5) & (middle-right-square-b <= 0.5) & (middle-left-square-b <= 0.5),,,,negative,,,
712,7,6,6,5,(top-right-square-o <= 0.5) & (top-middle-square-x <= 0.5) & (bottom-middle-square-b > 0.5) & (top-middle-square-o <= 0.5) & (middle-left-square-o > 0.5) & (middle-right-square-o > 0.5) & (bottom-right-square-x <= 0.5),(middle-middle-square-o > 0.5) & (top-right-square-x > 0.5) & (bottom-right-square-x <= 0.5) & (top-left-square-x > 0.5) & (top-middle-square-x <= 0.5) & (bottom-middle-square-b > 0.5),(middle-middle-square-o > 0.5) & (top-right-square-x > 0.5) & (bottom-right-square-x <= 0.5) & (top-left-square-x > 0.5) & (top-middle-square-x <= 0.5) & (bottom-middle-square-b > 0.5),(middle-middle-square-o > 0.5) & (top-right-square-x > 0.5) & (bottom-right-square-x <= 0.5) & (top-left-square-x > 0.5) & (bottom-middle-square-b > 0.5),negative,negative,negative,negative
713,9,5,5,,(top-right-square-o <= 0.5) & (top-middle-square-x <= 0.5) & (bottom-middle-square-b <= 0.5) & (bottom-left-square-x <= 0.5) & (bottom-right-square-x > 0.5) & (middle-right-square-x <= 0.5) & (top-left-square-x > 0.5) & (bottom-left-square-b <= 0.5) & (middle-left-square-x <= 0.5),(middle-middle-square-o > 0.5) & (top-right-square-x > 0.5) & (bottom-left-square-o > 0.5) & (middle-left-square-x <= 0.5) & (top-left-square-o <= 0.5),(middle-middle-square-o > 0.5) & (top-right-square-x > 0.5) & (bottom-right-square-x > 0.5) & (bottom-left-square-o > 0.5) & (middle-left-square-x <= 0.5),,negative,negative,negative,
716,9,,,,(middle-middle-square-o <= 0.5) & (top-right-square-o <= 0.5) & (bottom-left-square-o > 0.5) & (top-left-square-o <= 0.5) & (bottom-middle-square-o > 0.5) & (top-middle-square-x <= 0.5) & (top-left-square-x > 0.5) & (middle-left-square-x <= 0.5) & (middle-right-square-x <= 0.5),,,,negative,,,
723,6,14,,,(top-right-square-o > 0.5) & (middle-left-square-o <= 0.5) & (bottom-middle-square-o <= 0.5) & (bottom-right-square-o <= 0.5) & (middle-right-square-o > 0.5) & (top-middle-square-b > 0.5),(middle-middle-square-o > 0.5) & (top-right-square-x <= 0.5) & (top-middle-square-x <= 0.5) & (middle-right-square-x <= 0.5) & (top-middle-square-b > 0.5) & (bottom-middle-square-o <= 0.5) & (bottom-right-square-b <= 0.5) & (top-left-square-o <= 0.5) & (bottom-right-square-o <= 0.5) & (top-left-square-x > 0.5) & (top-right-square-o > 0.5) & (middle-left-square-b <= 0.5) & (middle-left-square-x > 0.5) & (middle-right-square-b <= 0.5),,,negative,negative,,
730,8,,,,(middle-middle-square-o <= 0.5) & (top-right-square-o > 0.5) & (top-left-square-o <= 0.5) & (bottom-right-square-o > 0.5) & (middle-left-square-b > 0.5) & (bottom-left-square-x <= 0.5) & (bottom-middle-square-x > 0.5) & (middle-middle-square-x > 0.5),,,,negative,,,
736,9,10,11,,(top-right-square-o <= 0.5) & (top-middle-square-x <= 0.5) & (bottom-middle-square-b <= 0.5) & (bottom-left-square-x <= 0.5) & (bottom-right-square-x <= 0.5) & (top-left-square-x > 0.5) & (top-right-square-x <= 0.5) & (bottom-left-square-o > 0.5) & (middle-right-square-b <= 0.5),(middle-middle-square-o <= 0.5) & (top-right-square-o <= 0.5) & (bottom-left-square-o > 0.5) & (top-left-square-o <= 0.5) & (bottom-middle-square-o > 0.5) & (top-middle-square-x <= 0.5) & (top-left-square-x > 0.5) & (middle-left-square-x > 0.5) & (middle-right-square-b <= 0.5) & (top-right-square-b > 0.5),(middle-middle-square-o <= 0.5) & (top-right-square-o <= 0.5) & (top-middle-square-x <= 0.5) & (bottom-middle-square-x <= 0.5) & (bottom-right-square-o > 0.5) & (top-left-square-x > 0.5) & (bottom-middle-square-o > 0.5) & (middle-right-square-x > 0.5) & (middle-left-square-b <= 0.5) & (middle-middle-square-x <= 0.5) & (top-right-square-x <= 0.5),,negative,negative,negative,
740,9,,,,(top-right-square-o <= 0.5) & (top-middle-square-x <= 0.5) & (bottom-middle-square-b <= 0.5) & (bottom-left-square-x <= 0.5) & (bottom-right-square-x <= 0.5) & (top-left-square-x > 0.5) & (top-right-square-x <= 0.5) & (bottom-left-square-o > 0.5) & (middle-right-square-b <= 0.5),,,,negative,,,
741,10,11,,,(top-right-square-o <= 0.5) & (top-middle-square-x > 0.5) & (top-left-square-x <= 0.5) & (bottom-middle-square-b <= 0.5) & (middle-left-square-x > 0.5) & (bottom-right-square-b <= 0.5) & (top-left-square-b <= 0.5) & (bottom-right-square-x <= 0.5) & (middle-right-square-x <= 0.5) & (bottom-left-square-o > 0.5),(middle-middle-square-o <= 0.5) & (top-right-square-o <= 0.5) & (top-middle-square-x > 0.5) & (middle-right-square-x <= 0.5) & (bottom-right-square-x <= 0.5) & (bottom-middle-square-x <= 0.5) & (top-right-square-b <= 0.5) & (top-left-square-x <= 0.5) & (middle-right-square-b > 0.5) & (bottom-right-square-b <= 0.5) & (middle-middle-square-b <= 0.5),,,negative,negative,,
743,10,,,,(top-right-square-o <= 0.5) & (top-middle-square-x > 0.5) & (top-left-square-x <= 0.5) & (bottom-middle-square-b <= 0.5) & (middle-left-square-x > 0.5) & (bottom-right-square-b <= 0.5) & (top-left-square-b <= 0.5) & (bottom-right-square-x <= 0.5) & (middle-right-square-x > 0.5) & (bottom-left-square-b > 0.5),,,,negative,,,
746,11,,,,(top-right-square-o <= 0.5) & (top-middle-square-x > 0.5) & (top-left-square-x <= 0.5) & (bottom-middle-square-b <= 0.5) & (middle-left-square-x > 0.5) & (bottom-right-square-b <= 0.5) & (top-left-square-b <= 0.5) & (bottom-right-square-x <= 0.5) & (middle-right-square-x <= 0.5) & (bottom-left-square-o <= 0.5) & (bottom-middle-square-o > 0.5),,,,negative,,,
747,10,5,,,(top-right-square-o <= 0.5) & (top-middle-square-x > 0.5) & (top-left-square-x <= 0.5) & (bottom-middle-square-b <= 0.5) & (middle-left-square-x > 0.5) & (bottom-right-square-b <= 0.5) & (top-left-square-b <= 0.5) & (bottom-right-square-x <= 0.5) & (middle-right-square-x <= 0.5) & (bottom-left-square-o > 0.5),(middle-middle-square-o > 0.5) & (top-right-square-x > 0.5) & (bottom-left-square-o > 0.5) & (middle-left-square-x > 0.5) & (middle-right-square-b > 0.5),,,negative,negative,,
750,9,,,,(middle-middle-square-o <= 0.5) & (top-right-square-o <= 0.5) & (top-middle-square-x > 0.5) & (middle-right-square-x > 0.5) & (middle-left-square-x <= 0.5) & (bottom-middle-square-b <= 0.5) & (middle-left-square-b <= 0.5) & (top-right-square-x > 0.5) & (bottom-middle-square-x <= 0.5),,,,negative,,,
755,11,10,,,(top-right-square-o <= 0.5) & (top-middle-square-x > 0.5) & (top-left-square-x <= 0.5) & (bottom-middle-square-b > 0.5) & (middle-right-square-b <= 0.5) & (middle-left-square-b <= 0.5) & (top-left-square-o > 0.5) & (bottom-left-square-o <= 0.5) & (middle-left-square-o > 0.5) & (bottom-right-square-b <= 0.5) & (middle-right-square-x > 0.5),(middle-middle-square-o > 0.5) & (top-right-square-x > 0.5) & (bottom-left-square-o <= 0.5) & (top-left-square-x <= 0.5) & (middle-right-square-x > 0.5) & (middle-left-square-x <= 0.5) & (bottom-middle-square-x <= 0.5) & (top-middle-square-x > 0.5) & (bottom-middle-square-b > 0.5) & (middle-left-square-o > 0.5),,,negative,negative,,
762,7,5,7,,(middle-middle-square-o > 0.5) & (top-right-square-x > 0.5) & (bottom-right-square-x > 0.5) & (middle-right-square-x <= 0.5) & (middle-left-square-b <= 0.5) & (middle-right-square-b > 0.5) & (top-middle-square-o <= 0.5),(middle-middle-square-o > 0.5) & (top-right-square-x > 0.5) & (bottom-right-square-x > 0.5) & (bottom-left-square-o > 0.5) & (middle-left-square-x <= 0.5),(middle-middle-square-o > 0.5) & (top-right-square-x > 0.5) & (bottom-right-square-x > 0.5) & (middle-right-square-x <= 0.5) & (middle-left-square-b <= 0.5) & (middle-right-square-o <= 0.5) & (bottom-middle-square-o <= 0.5),,negative,negative,negative,
766,6,,,,(middle-middle-square-o <= 0.5) & (top-right-square-o <= 0.5) & (top-middle-square-x > 0.5) & (middle-right-square-x <= 0.5) & (bottom-right-square-x <= 0.5) & (bottom-middle-square-x > 0.5),,,,negative,,,
769,9,,,,(middle-middle-square-o > 0.5) & (top-right-square-x > 0.5) & (bottom-left-square-o <= 0.5) & (top-left-square-x <= 0.5) & (middle-right-square-x > 0.5) & (middle-left-square-x <= 0.5) & (bottom-middle-square-x <= 0.5) & (top-middle-square-x > 0.5) & (bottom-middle-square-b <= 0.5),,,,negative,,,
770,13,6,,,(top-right-square-o <= 0.5) & (top-middle-square-x > 0.5) & (top-left-square-x <= 0.5) & (bottom-middle-square-b <= 0.5) & (middle-left-square-x <= 0.5) & (top-left-square-o > 0.5) & (top-right-square-b <= 0.5) & (middle-left-square-b > 0.5) & (bottom-right-square-o > 0.5) & (bottom-left-square-x <= 0.5) & (middle-right-square-o <= 0.5) & (bottom-middle-square-x > 0.5) & (bottom-left-square-b <= 0.5),(middle-middle-square-o > 0.5) & (top-right-square-x > 0.5) & (bottom-left-square-o > 0.5) & (middle-left-square-x <= 0.5) & (top-left-square-o > 0.5) & (middle-left-square-b > 0.5),,,negative,negative,,
779,7,,,,(top-right-square-o > 0.5) & (middle-left-square-o <= 0.5) & (bottom-middle-square-o <= 0.5) & (bottom-right-square-o > 0.5) & (middle-right-square-o <= 0.5) & (bottom-middle-square-x > 0.5) & (bottom-left-square-b > 0.5),,,,negative,,,
781,12,6,,,(top-right-square-o > 0.5) & (middle-left-square-o <= 0.5) & (bottom-middle-square-o <= 0.5) & (bottom-right-square-o <= 0.5) & (middle-right-square-o <= 0.5) & (bottom-left-square-b <= 0.5) & (bottom-left-square-o > 0.5) & (top-left-square-o > 0.5) & (top-middle-square-o <= 0.5) & (top-middle-square-b <= 0.5) & (middle-left-square-x > 0.5) & (middle-right-square-x <= 0.5),(middle-middle-square-o > 0.5) & (top-right-square-x <= 0.5) & (top-middle-square-x > 0.5) & (bottom-right-square-x > 0.5) & (top-left-square-o > 0.5) & (middle-right-square-x <= 0.5),,,negative,negative,,
785,11,7,,,(top-right-square-o > 0.5) & (middle-left-square-o <= 0.5) & (bottom-middle-square-o <= 0.5) & (bottom-right-square-o > 0.5) & (middle-right-square-o <= 0.5) & (bottom-middle-square-x > 0.5) & (bottom-left-square-b <= 0.5) & (top-middle-square-o <= 0.5) & (top-left-square-x <= 0.5) & (bottom-left-square-o <= 0.5) & (middle-left-square-x <= 0.5),(middle-middle-square-o > 0.5) & (top-right-square-x <= 0.5) & (bottom-left-square-x > 0.5) & (top-middle-square-x > 0.5) & (top-right-square-b <= 0.5) & (middle-right-square-x > 0.5) & (bottom-middle-square-x > 0.5),,,negative,negative,,
786,11,8,,,(top-right-square-o > 0.5) & (middle-left-square-o <= 0.5) & (bottom-middle-square-o <= 0.5) & (bottom-right-square-o <= 0.5) & (middle-right-square-o <= 0.5) & (bottom-left-square-b <= 0.5) & (bottom-left-square-o > 0.5) & (top-left-square-o > 0.5) & (top-middle-square-o <= 0.5) & (top-middle-square-b <= 0.5) & (middle-left-square-x <= 0.5),(middle-middle-square-o > 0.5) & (top-right-square-x <= 0.5) & (top-middle-square-x > 0.5) & (bottom-right-square-x > 0.5) & (top-left-square-o > 0.5) & (middle-right-square-x > 0.5) & (top-right-square-o > 0.5) & (bottom-middle-square-x > 0.5),,,negative,negative,,
796,9,,,,(top-right-square-o <= 0.5) & (top-middle-square-x > 0.5) & (top-left-square-x <= 0.5) & (bottom-middle-square-b <= 0.5) & (middle-left-square-x <= 0.5) & (top-left-square-o > 0.5) & (top-right-square-b > 0.5) & (bottom-left-square-o <= 0.5) & (middle-left-square-o > 0.5),,,,negative,,,
798,9,9,,,(top-right-square-o <= 0.5) & (top-middle-square-x > 0.5) & (top-left-square-x <= 0.5) & (bottom-middle-square-b <= 0.5) & (middle-left-square-x <= 0.5) & (top-left-square-o > 0.5) & (top-right-square-b > 0.5) & (bottom-left-square-o > 0.5) & (bottom-right-square-b > 0.5),(middle-middle-square-o <= 0.5) & (top-right-square-o <= 0.5) & (top-middle-square-x > 0.5) & (middle-right-square-x > 0.5) & (middle-left-square-x <= 0.5) & (bottom-middle-square-b <= 0.5) & (middle-left-square-b <= 0.5) & (top-right-square-x <= 0.5) & (bottom-middle-square-o <= 0.5),,,negative,negative,,
801,7,,,,(top-right-square-o <= 0.5) & (top-middle-square-x > 0.5) & (top-left-square-x <= 0.5) & (bottom-middle-square-b > 0.5) & (middle-right-square-b <= 0.5) & (middle-left-square-b > 0.5) & (bottom-left-square-b <= 0.5),,,,negative,,,
802,10,,,,(top-right-square-o <= 0.5) & (top-middle-square-x > 0.5) & (top-left-square-x <= 0.5) & (bottom-middle-square-b <= 0.5) & (middle-left-square-x <= 0.5) & (top-left-square-o > 0.5) & (top-right-square-b > 0.5) & (bottom-left-square-o <= 0.5) & (middle-left-square-o <= 0.5) & (middle-right-square-b <= 0.5),,,,negative,,,
804,8,,,,(top-right-square-o <= 0.5) & (top-middle-square-x <= 0.5) & (bottom-middle-square-b <= 0.5) & (bottom-left-square-x > 0.5) & (middle-right-square-x > 0.5) & (bottom-middle-square-o > 0.5) & (top-right-square-b <= 0.5) & (top-left-square-x <= 0.5),,,,negative,,,
807,10,8,,,(top-right-square-o <= 0.5) & (top-middle-square-x <= 0.5) & (bottom-middle-square-b <= 0.5) & (bottom-left-square-x > 0.5) & (middle-right-square-x <= 0.5) & (top-left-square-x <= 0.5) & (middle-left-square-x > 0.5) & (middle-right-square-b > 0.5) & (bottom-right-square-o > 0.5) & (top-right-square-b <= 0.5),(middle-middle-square-o > 0.5) & (top-right-square-x > 0.5) & (bottom-left-square-o <= 0.5) & (top-left-square-x <= 0.5) & (middle-right-square-x <= 0.5) & (top-middle-square-x <= 0.5) & (bottom-middle-square-x > 0.5) & (top-middle-square-b <= 0.5),,,negative,negative,,
810,9,,,,(middle-middle-square-o <= 0.5) & (top-right-square-o <= 0.5) & (top-middle-square-x <= 0.5) & (bottom-middle-square-x > 0.5) & (top-middle-square-b <= 0.5) & (middle-left-square-b <= 0.5) & (top-left-square-b <= 0.5) & (middle-middle-square-b <= 0.5) & (middle-right-square-b > 0.5),,,,negative,,,
819,7,6,,,(top-right-square-o > 0.5) & (middle-left-square-o <= 0.5) & (bottom-middle-square-o <= 0.5) & (bottom-right-square-o <= 0.5) & (middle-right-square-o <= 0.5) & (bottom-left-square-b > 0.5) & (bottom-right-square-b > 0.5),(middle-middle-square-o <= 0.5) & (top-right-square-o > 0.5) & (top-left-square-o > 0.5) & (middle-middle-square-b <= 0.5) & (bottom-left-square-x <= 0.5) & (bottom-right-square-x <= 0.5),,,negative,negative,,
822,7,6,,,(middle-middle-square-o > 0.5) & (top-right-square-x <= 0.5) & (bottom-left-square-x > 0.5) & (top-middle-square-x <= 0.5) & (bottom-middle-square-o <= 0.5) & (top-left-square-o > 0.5) & (bottom-right-square-x > 0.5),(middle-middle-square-o > 0.5) & (top-right-square-x <= 0.5) & (bottom-left-square-x > 0.5) & (top-left-square-o > 0.5) & (bottom-right-square-x > 0.5) & (bottom-middle-square-o <= 0.5),,,negative,negative,,
828,7,,,,(top-right-square-o > 0.5) & (middle-left-square-o <= 0.5) & (bottom-middle-square-o <= 0.5) & (bottom-right-square-o <= 0.5) & (middle-right-square-o <= 0.5) & (bottom-left-square-b > 0.5) & (bottom-right-square-b > 0.5),,,,negative,,,
831,7,,,,(middle-middle-square-o <= 0.5) & (top-right-square-o > 0.5) & (top-left-square-o > 0.5) & (middle-middle-square-b > 0.5) & (middle-right-square-x <= 0.5) & (bottom-right-square-x > 0.5) & (bottom-left-square-x > 0.5),,,,negative,,,
836,7,,,,(middle-middle-square-o <= 0.5) & (top-right-square-o > 0.5) & (top-left-square-o > 0.5) & (middle-middle-square-b <= 0.5) & (bottom-left-square-x > 0.5) & (bottom-right-square-o > 0.5) & (middle-right-square-x > 0.5),,,,negative,,,
838,9,,,,(middle-middle-square-o <= 0.5) & (top-right-square-o > 0.5) & (top-left-square-o > 0.5) & (middle-middle-square-b <= 0.5) & (bottom-left-square-x > 0.5) & (bottom-right-square-o <= 0.5) & (bottom-middle-square-x <= 0.5) & (bottom-right-square-b > 0.5) & (middle-right-square-b <= 0.5),,,,negative,,,
840,7,6,,,(top-right-square-o > 0.5) & (middle-left-square-o <= 0.5) & (bottom-middle-square-o <= 0.5) & (bottom-right-square-o <= 0.5) & (middle-right-square-o <= 0.5) & (bottom-left-square-b > 0.5) & (bottom-right-square-b > 0.5),(middle-middle-square-o <= 0.5) & (top-right-square-o > 0.5) & (top-left-square-o > 0.5) & (middle-middle-square-b <= 0.5) & (bottom-left-square-x <= 0.5) & (bottom-right-square-x <= 0.5),,,negative,negative,,
851,8,,,,(top-right-square-o <= 0.5) & (top-middle-square-x <= 0.5) & (bottom-middle-square-b <= 0.5) & (bottom-left-square-x > 0.5) & (middle-right-square-x > 0.5) & (bottom-middle-square-o > 0.5) & (top-right-square-b <= 0.5) & (top-left-square-x <= 0.5),,,,negative,,,
855,7,,,,(top-right-square-o <= 0.5) & (top-middle-square-x <= 0.5) & (bottom-middle-square-b > 0.5) & (top-middle-square-o <= 0.5) & (middle-left-square-o <= 0.5) & (bottom-left-square-o <= 0.5) & (middle-right-square-x <= 0.5),,,,negative,,,
858,6,,,,(middle-middle-square-o <= 0.5) & (top-right-square-o <= 0.5) & (top-middle-square-x <= 0.5) & (bottom-middle-square-x <= 0.5) & (bottom-right-square-o <= 0.5) & (middle-right-square-b <= 0.5),,,,negative,,,
862,9,,,,(middle-middle-square-o > 0.5) & (top-right-square-x > 0.5) & (bottom-left-square-o <= 0.5) & (top-left-square-x <= 0.5) & (middle-right-square-x > 0.5) & (middle-left-square-x <= 0.5) & (bottom-middle-square-x > 0.5) & (top-middle-square-x <= 0.5) & (middle-left-square-b <= 0.5),,,,negative,,,
865,8,,,,(middle-middle-square-o > 0.5) & (top-right-square-x > 0.5) & (bottom-left-square-o <= 0.5) & (top-left-square-x <= 0.5) & (middle-right-square-x > 0.5) & (middle-left-square-x <= 0.5) & (bottom-middle-square-x <= 0.5) & (top-middle-square-x <= 0.5),,,,negative,,,
867,8,10,,,(top-right-square-o <= 0.5) & (top-middle-square-x <= 0.5) & (bottom-middle-square-b <= 0.5) & (bottom-left-square-x > 0.5) & (middle-right-square-x <= 0.5) & (top-left-square-x <= 0.5) & (middle-left-square-x <= 0.5) & (bottom-right-square-b <= 0.5),(middle-middle-square-o > 0.5) & (top-right-square-x > 0.5) & (bottom-left-square-o <= 0.5) & (top-left-square-x <= 0.5) & (middle-right-square-x <= 0.5) & (top-middle-square-x <= 0.5) & (bottom-middle-square-x > 0.5) & (top-middle-square-b > 0.5) & (middle-left-square-x <= 0.5) & (top-left-square-o > 0.5),,,negative,negative,,
870,10,,,,(top-right-square-o > 0.5) & (middle-left-square-o <= 0.5) & (bottom-middle-square-o <= 0.5) & (bottom-right-square-o <= 0.5) & (middle-right-square-o <= 0.5) & (bottom-left-square-b <= 0.5) & (bottom-left-square-o > 0.5) & (top-left-square-o > 0.5) & (top-middle-square-o <= 0.5) & (top-middle-square-b > 0.5),,,,negative,,,
871,8,8,,,(middle-middle-square-o <= 0.5) & (top-right-square-o > 0.5) & (top-left-square-o > 0.5) & (top-middle-square-o <= 0.5) & (middle-right-square-o <= 0.5) & (middle-left-square-o > 0.5) & (bottom-middle-square-x > 0.5) & (middle-middle-square-x > 0.5),(middle-middle-square-o <= 0.5) & (top-right-square-o > 0.5) & (top-left-square-o > 0.5) & (top-middle-square-o <= 0.5) & (bottom-left-square-b <= 0.5) & (middle-left-square-b <= 0.5) & (top-middle-square-x <= 0.5) & (bottom-right-square-o <= 0.5),,,negative,negative,,
873,8,,,,(top-right-square-o <= 0.5) & (top-middle-square-x <= 0.5) & (bottom-middle-square-b <= 0.5) & (bottom-left-square-x <= 0.5) & (bottom-right-square-x <= 0.5) & (top-left-square-x <= 0.5) & (middle-left-square-x > 0.5) & (top-right-square-x <= 0.5),,,,negative,,,
876,8,6,,,(top-right-square-o <= 0.5) & (top-middle-square-x <= 0.5) & (bottom-middle-square-b > 0.5) & (top-middle-square-o <= 0.5) & (middle-left-square-o > 0.5) & (middle-right-square-o <= 0.5) & (bottom-left-square-o > 0.5) & (top-right-square-x <= 0.5),(middle-middle-square-o <= 0.5) & (top-right-square-o <= 0.5) & (top-middle-square-x <= 0.5) & (bottom-middle-square-x <= 0.5) & (bottom-right-square-o <= 0.5) & (middle-right-square-b <= 0.5),,,negative,negative,,
883,8,9,,,(middle-middle-square-o <= 0.5) & (top-right-square-o <= 0.5) & (bottom-left-square-o > 0.5) & (top-left-square-o <= 0.5) & (bottom-middle-square-o > 0.5) & (top-middle-square-x > 0.5) & (top-left-square-b > 0.5) & (middle-left-square-o > 0.5),(middle-middle-square-o <= 0.5) & (top-right-square-o <= 0.5) & (top-middle-square-x > 0.5) & (middle-right-square-x > 0.5) & (middle-left-square-x <= 0.5) & (bottom-middle-square-b <= 0.5) & (middle-left-square-b <= 0.5) & (top-right-square-x > 0.5) & (bottom-middle-square-x <= 0.5),,,negative,negative,,
885,9,,,,(top-right-square-o <= 0.5) & (top-middle-square-x > 0.5) & (top-left-square-x <= 0.5) & (bottom-middle-square-b <= 0.5) & (middle-left-square-x <= 0.5) & (top-left-square-o <= 0.5) & (middle-right-square-b <= 0.5) & (top-right-square-b <= 0.5) & (bottom-right-square-x > 0.5),,,,negative,,,
887,9,5,5,,(top-right-square-o <= 0.5) & (top-middle-square-x > 0.5) & (top-left-square-x <= 0.5) & (bottom-middle-square-b <= 0.5) & (middle-left-square-x <= 0.5) & (top-left-square-o <= 0.5) & (middle-right-square-b <= 0.5) & (top-right-square-b <= 0.5) & (bottom-right-square-x > 0.5),(middle-middle-square-o > 0.5) & (top-right-square-x > 0.5) & (bottom-left-square-o > 0.5) & (middle-left-square-x <= 0.5) & (top-left-square-o <= 0.5),(middle-middle-square-o > 0.5) & (top-right-square-x > 0.5) & (bottom-right-square-x > 0.5) & (bottom-left-square-o > 0.5) & (middle-left-square-x <= 0.5),,negative,negative,negative,
890,7,11,,,(top-right-square-o <= 0.5) & (top-middle-square-x > 0.5) & (top-left-square-x <= 0.5) & (bottom-middle-square-b <= 0.5) & (middle-left-square-x <= 0.5) & (top-left-square-o <= 0.5) & (middle-right-square-b > 0.5),(middle-middle-square-o <= 0.5) & (top-right-square-o <= 0.5) & (top-middle-square-x > 0.5) & (middle-right-square-x <= 0.5) & (bottom-right-square-x <= 0.5) & (bottom-middle-square-x <= 0.5) & (top-right-square-b <= 0.5) & (top-left-square-x <= 0.5) & (middle-right-square-b > 0.5) & (bottom-right-square-b <= 0.5) & (middle-middle-square-b <= 0.5),,,negative,negative,,
902,10,,,,(middle-middle-square-o <= 0.5) & (top-right-square-o > 0.5) & (top-left-square-o <= 0.5) & (middle-right-square-o > 0.5) & (bottom-middle-square-b <= 0.5) & (middle-left-square-o <= 0.5) & (bottom-middle-square-o <= 0.5) & (top-middle-square-b <= 0.5) & (top-left-square-x <= 0.5) & (bottom-left-square-x <= 0.5),,,,negative,,,
915,8,,,,(top-right-square-o <= 0.5) & (top-middle-square-x <= 0.5) & (bottom-middle-square-b <= 0.5) & (bottom-left-square-x > 0.5) & (middle-right-square-x > 0.5) & (bottom-middle-square-o > 0.5) & (top-right-square-b <= 0.5) & (top-left-square-x <= 0.5),,,,negative,,,
917,9,,,,(top-right-square-o <= 0.5) & (top-middle-square-x <= 0.5) & (bottom-middle-square-b <= 0.5) & (bottom-left-square-x > 0.5) & (middle-right-square-x <= 0.5) & (top-left-square-x <= 0.5) & (middle-left-square-x > 0.5) & (middle-right-square-b <= 0.5) & (top-middle-square-b <= 0.5),,,,negative,,,
920,8,8,,,(top-right-square-o <= 0.5) & (top-middle-square-x <= 0.5) & (bottom-middle-square-b <= 0.5) & (bottom-left-square-x > 0.5) & (middle-right-square-x > 0.5) & (bottom-middle-square-o > 0.5) & (top-right-square-b <= 0.5) & (top-left-square-x <= 0.5),(middle-middle-square-o > 0.5) & (top-right-square-x > 0.5) & (bottom-left-square-o <= 0.5) & (top-left-square-x <= 0.5) & (middle-right-square-x > 0.5) & (middle-left-square-x <= 0.5) & (bottom-middle-square-x <= 0.5) & (top-middle-square-x <= 0.5),,,negative,negative,,
921,8,6,6,,(top-right-square-o <= 0.5) & (top-middle-square-x <= 0.5) & (bottom-middle-square-b <= 0.5) & (bottom-left-square-x > 0.5) & (middle-right-square-x <= 0.5) & (top-left-square-x <= 0.5) & (middle-left-square-x <= 0.5) & (bottom-right-square-b <= 0.5),(middle-middle-square-o > 0.5) & (top-right-square-x > 0.5) & (bottom-right-square-x > 0.5) & (bottom-left-square-o <= 0.5) & (top-left-square-x <= 0.5) & (middle-left-square-b > 0.5),(middle-middle-square-o > 0.5) & (top-right-square-x > 0.5) & (bottom-right-square-x > 0.5) & (middle-right-square-x <= 0.5) & (middle-left-square-b > 0.5) & (top-left-square-x <= 0.5),,negative,negative,negative,
926,9,,,,(top-right-square-o <= 0.5) & (top-middle-square-x <= 0.5) & (bottom-middle-square-b <= 0.5) & (bottom-left-square-x <= 0.5) & (bottom-right-square-x > 0.5) & (middle-right-square-x > 0.5) & (top-right-square-x <= 0.5) & (bottom-middle-square-x <= 0.5) & (top-left-square-x <= 0.5),,,,negative,,,
929,11,7,6,,(top-right-square-o <= 0.5) & (top-middle-square-x <= 0.5) & (bottom-middle-square-b <= 0.5) & (bottom-left-square-x <= 0.5) & (bottom-right-square-x <= 0.5) & (top-left-square-x <= 0.5) & (middle-left-square-x > 0.5) & (top-right-square-x > 0.5) & (bottom-middle-square-x <= 0.5) & (top-left-square-o <= 0.5) & (bottom-left-square-b <= 0.5),(middle-middle-square-o <= 0.5) & (top-right-square-o <= 0.5) & (bottom-left-square-o > 0.5) & (top-left-square-o <= 0.5) & (bottom-middle-square-o > 0.5) & (top-middle-square-x <= 0.5) & (top-left-square-x <= 0.5),(middle-middle-square-o <= 0.5) & (top-right-square-o <= 0.5) & (top-middle-square-x <= 0.5) & (bottom-middle-square-x <= 0.5) & (bottom-right-square-o > 0.5) & (top-left-square-x <= 0.5),,negative,negative,negative,
930,11,7,6,,(top-right-square-o <= 0.5) & (top-middle-square-x <= 0.5) & (bottom-middle-square-b <= 0.5) & (bottom-left-square-x <= 0.5) & (bottom-right-square-x <= 0.5) & (top-left-square-x <= 0.5) & (middle-left-square-x > 0.5) & (top-right-square-x > 0.5) & (bottom-middle-square-x <= 0.5) & (top-left-square-o <= 0.5) & (bottom-left-square-b <= 0.5),(middle-middle-square-o <= 0.5) & (top-right-square-o <= 0.5) & (bottom-left-square-o > 0.5) & (top-left-square-o <= 0.5) & (bottom-middle-square-o > 0.5) & (top-middle-square-x <= 0.5) & (top-left-square-x <= 0.5),(middle-middle-square-o <= 0.5) & (top-right-square-o <= 0.5) & (top-middle-square-x <= 0.5) & (bottom-middle-square-x <= 0.5) & (bottom-right-square-o > 0.5) & (top-left-square-x <= 0.5),,negative,negative,negative,
934,7,6,,,(middle-middle-square-o <= 0.5) & (top-right-square-o <= 0.5) & (bottom-left-square-o > 0.5) & (top-left-square-o <= 0.5) & (bottom-middle-square-o > 0.5) & (top-middle-square-x <= 0.5) & (top-left-square-x <= 0.5),(middle-middle-square-o <= 0.5) & (top-right-square-o <= 0.5) & (top-middle-square-x <= 0.5) & (bottom-middle-square-x <= 0.5) & (bottom-right-square-o > 0.5) & (top-left-square-x <= 0.5),,,negative,negative,,
936,9,,,,(middle-middle-square-o <= 0.5) & (top-right-square-o > 0.5) & (top-left-square-o <= 0.5) & (bottom-right-square-o > 0.5) & (middle-left-square-b <= 0.5) & (top-middle-square-o <= 0.5) & (middle-middle-square-x > 0.5) & (top-left-square-x <= 0.5) & (bottom-middle-square-x > 0.5),,,,negative,,,
944,9,7,7,,(top-right-square-o > 0.5) & (middle-left-square-o > 0.5) & (middle-right-square-b <= 0.5) & (top-left-square-b <= 0.5) & (bottom-right-square-x <= 0.5) & (bottom-left-square-b <= 0.5) & (middle-right-square-x > 0.5) & (bottom-right-square-b <= 0.5) & (bottom-middle-square-o <= 0.5),(middle-middle-square-o > 0.5) & (top-right-square-x <= 0.5) & (bottom-left-square-x > 0.5) & (top-middle-square-x > 0.5) & (top-right-square-b <= 0.5) & (middle-right-square-x > 0.5) & (bottom-middle-square-x > 0.5),(middle-middle-square-o > 0.5) & (top-right-square-x <= 0.5) & (bottom-left-square-x > 0.5) & (top-left-square-o <= 0.5) & (middle-left-square-o > 0.5) & (middle-right-square-o <= 0.5) & (bottom-middle-square-x > 0.5),,negative,negative,negative,
949,6,12,7,,(middle-middle-square-o <= 0.5) & (top-right-square-o <= 0.5) & (bottom-left-square-o > 0.5) & (top-left-square-o <= 0.5) & (bottom-middle-square-o <= 0.5) & (middle-left-square-x <= 0.5),(middle-middle-square-o <= 0.5) & (top-right-square-o <= 0.5) & (top-middle-square-x <= 0.5) & (bottom-middle-square-x > 0.5) & (top-middle-square-b <= 0.5) & (middle-left-square-b <= 0.5) & (top-left-square-b <= 0.5) & (middle-middle-square-b <= 0.5) & (middle-right-square-b <= 0.5) & (bottom-right-square-o > 0.5) & (top-left-square-o <= 0.5) & (middle-left-square-x <= 0.5),(middle-middle-square-o <= 0.5) & (top-right-square-o <= 0.5) & (bottom-left-square-o > 0.5) & (top-left-square-o <= 0.5) & (bottom-right-square-o > 0.5) & (bottom-middle-square-o <= 0.5) & (middle-left-square-x <= 0.5),,negative,negative,negative,
951,9,5,6,6,(top-right-square-o > 0.5) & (middle-left-square-o > 0.5) & (middle-right-square-b <= 0.5) & (top-left-square-b <= 0.5) & (bottom-right-square-x <= 0.5) & (bottom-left-square-b <= 0.5) & (middle-right-square-x > 0.5) & (bottom-right-square-b <= 0.5) & (bottom-middle-square-o <= 0.5),(middle-middle-square-o <= 0.5) & (top-right-square-o > 0.5) & (top-left-square-o <= 0.5) & (middle-right-square-o <= 0.5) & (top-middle-square-x <= 0.5),(middle-middle-square-o <= 0.5) & (top-right-square-o > 0.5) & (top-left-square-o <= 0.5) & (bottom-right-square-o > 0.5) & (middle-right-square-o <= 0.5) & (bottom-middle-square-o <= 0.5),(middle-middle-square-o <= 0.5) & (top-right-square-o > 0.5) & (top-left-square-o <= 0.5) & (bottom-right-square-o > 0.5) & (middle-right-square-o <= 0.5) & (bottom-middle-square-o <= 0.5),negative,negative,negative,negative
